Date,DMP
1/02/2015 16:00,15.57
1/05/2015 16:00,15.52
1/06/2015 16:00,15.4
1/07/2015 16:00,15.56
1/08/2015 16:00,15.69
1/09/2015 16:00,15.8
1/12/2015 16:00,15.67
1/13/2015 16:00:00,15.35
1/14/2015 16:00:00,15.35
1/15/2015 16:00:00,15.1
1/16/2015 16:00:00,15.49
1/19/2015 16:00:00,15.34
1/20/2015 16:00:00,15.16
1/21/2015 16:00:00,14.9
1/22/2015 16:00:00,14.96
1/23/2015 16:00:00,15.44
1/27/2015 16:00:00,14.96
1/28/2015 16:00:00,14.95
1/29/2015 16:00:00,14.74
1/30/2015 16:00:00,14.69
2/02/2015 16:00,14.9
2/03/2015 16:00,15.21
2/04/2015 16:00,15.44
2/05/2015 16:00,15.4
2/06/2015 16:00,15.35
2/09/2015 16:00,15.25
2/10/2015 16:00,15.3
2/11/2015 16:00,15.4
2/12/2015 16:00,15.5
2/13/2015 16:00:00,15.59
2/16/2015 16:00:00,15.69
2/17/2015 16:00:00,15.74
2/18/2015 16:00:00,16.99
2/19/2015 16:00:00,18.78
2/20/2015 16:00:00,19.1
2/23/2015 16:00:00,18.95
2/24/2015 16:00:00,17.68
2/25/2015 16:00:00,22.6
2/26/2015 16:00:00,24.01
2/27/2015 16:00:00,23.82
3/02/2015 16:00,23.55
3/03/2015 16:00,23.75
3/04/2015 16:00,23.24
3/05/2015 16:00,23.46
3/06/2015 16:00,23.6
3/09/2015 16:00,22.62
3/10/2015 16:00,23.13
3/11/2015 16:00,23.13
3/12/2015 16:00,23.43
3/13/2015 16:00:00,25
3/16/2015 16:00:00,24.4
3/17/2015 16:00:00,23.6
3/18/2015 16:00:00,23.39
3/19/2015 16:00:00,23.55
3/20/2015 16:00:00,23.72
3/23/2015 16:00:00,23.86
3/24/2015 16:00:00,23.57
3/25/2015 16:00:00,23.99
3/26/2015 16:00:00,23.75
3/27/2015 16:00:00,23.84
3/30/2015 16:00:00,23.6
3/31/2015 16:00:00,23.32
4/01/2015 16:00,22.99
4/02/2015 16:00,23.48
4/07/2015 16:00,23.64
4/08/2015 16:00,23.85
4/09/2015 16:00,23.85
4/10/2015 16:00,23.6
4/13/2015 16:00:00,23.65
4/14/2015 16:00:00,23.48
4/15/2015 16:00:00,23.49
4/16/2015 16:00:00,23.75
4/17/2015 16:00:00,23.4
4/20/2015 16:00:00,23.08
4/21/2015 16:00:00,23.11
4/22/2015 16:00:00,23.11
4/23/2015 16:00:00,22.65
4/24/2015 16:00:00,20.32
4/27/2015 16:00:00,20.65
4/28/2015 16:00:00,20.17
4/29/2015 16:00:00,19.9
4/30/2015 16:00:00,19.02
5/01/2015 16:00,19
5/04/2015 16:00,18.85
5/06/2015 16:00,18.39
5/07/2015 16:00,18
5/08/2015 16:00,18.2
5/11/2015 16:00,18.59
5/12/2015 16:00,18.1
5/13/2015 16:00:00,18.29
5/14/2015 16:00:00,18.35
5/15/2015 16:00:00,18.92
5/18/2015 16:00:00,18.82
5/19/2015 16:00:00,18.72
5/20/2015 16:00:00,18.68
5/21/2015 16:00:00,18.88
5/22/2015 16:00:00,19.28
5/25/2015 16:00:00,18.99
5/26/2015 16:00:00,18.95
5/27/2015 16:00:00,19
5/28/2015 16:00:00,18.95
5/29/2015 16:00:00,19.14
6/01/2015 16:00,19.15
6/02/2015 16:00,19.2
6/03/2015 16:00,18.65
6/04/2015 16:00,18.75
6/05/2015 16:00,18.8
6/09/2015 16:00,18.5
6/10/2015 16:00,18.44
6/11/2015 16:00,17.73
6/12/2015 16:00,17.59
6/15/2015 16:00:00,17.16
6/16/2015 16:00:00,17.25
6/17/2015 16:00:00,17.26
6/18/2015 16:00:00,17.25
6/19/2015 16:00:00,17.06
6/22/2015 16:00:00,17
6/23/2015 16:00:00,16.79
6/24/2015 16:00:00,16.81
6/25/2015 16:00:00,16.89
6/26/2015 16:00:00,16.73
6/29/2015 16:00:00,15.9
6/30/2015 16:00:00,16
7/01/2015 16:00,16.15
7/02/2015 16:00,16.73
7/03/2015 16:00,16.79
7/06/2015 16:00,16.45
7/07/2015 16:00,15.69
7/08/2015 16:00,15.35
7/09/2015 16:00,15.95
7/10/2015 16:00,15.75
7/13/2015 16:00:00,15.57
7/14/2015 16:00:00,15.42
7/15/2015 16:00:00,15.5
7/16/2015 16:00:00,15.25
7/17/2015 16:00:00,15.45
7/20/2015 16:00:00,15.71
7/21/2015 16:00:00,15.81
7/22/2015 16:00:00,16.09
7/23/2015 16:00:00,16.44
7/24/2015 16:00:00,16.54
7/27/2015 16:00:00,16.4
7/28/2015 16:00:00,16.16
7/29/2015 16:00:00,16.49
7/30/2015 16:00:00,16.34
7/31/2015 16:00:00,15.98
8/03/2015 16:00,15.93
8/04/2015 16:00,15.6
8/05/2015 16:00,15.5
8/06/2015 16:00,15.5
8/07/2015 16:00,15.35
8/10/2015 16:00,15.25
8/11/2015 16:00,15
8/12/2015 16:00,14.5
8/13/2015 16:00:00,14.6
8/14/2015 16:00:00,14.23
8/17/2015 16:00:00,14.28
8/18/2015 16:00:00,14.18
8/19/2015 16:00:00,13.75
8/20/2015 16:00:00,13.92
8/21/2015 16:00:00,13.7
8/24/2015 16:00:00,12.5
8/25/2015 16:00:00,12.6
8/26/2015 16:00:00,12.55
8/27/2015 16:00:00,12.6
8/28/2015 16:00:00,13.17
8/31/2015 16:00:00,12.5
9/01/2015 16:00,12.4
9/02/2015 16:00,12.65
9/03/2015 16:00,12.45
9/04/2015 16:00,12.31
9/07/2015 16:00,12.27
9/08/2015 16:00,12.66
9/09/2015 16:00,13.1
9/10/2015 16:00,12.88
9/11/2015 16:00,12.71
9/14/2015 16:00:00,12.5
9/15/2015 16:00:00,12.3
9/16/2015 16:00:00,12.39
9/17/2015 16:00:00,12.38
9/18/2015 16:00:00,12.19
9/21/2015 16:00:00,12.7
9/22/2015 16:00:00,12.8
9/23/2015 16:00:00,12.86
9/24/2015 16:00:00,13.36
9/25/2015 16:00:00,13.5
9/28/2015 16:00:00,14.05
9/29/2015 16:00:00,13.85
9/30/2015 16:00:00,13.65
10/01/2015 16:00,13.7
10/02/2015 16:00,13.62
10/05/2015 16:00,13.74
10/06/2015 16:00,14.1
10/07/2015 16:00,14.59
10/08/2015 16:00,14.91
10/09/2015 16:00,14.7
10/12/2015 16:00,14.61
10/13/2015 16:00:00,14.6
10/14/2015 16:00:00,14.75
10/15/2015 16:00:00,14.82
10/16/2015 16:00:00,14.78
10/19/2015 16:00:00,15.1
10/20/2015 16:00:00,15
10/21/2015 16:00:00,14.77
10/22/2015 16:00:00,14.85
10/23/2015 16:00:00,15.13
10/26/2015 16:00:00,14.86
10/27/2015 16:00:00,14.73
10/28/2015 16:00:00,14.81
10/29/2015 16:00:00,14.65
10/30/2015 16:00:00,15
11/02/2015 16:00,15.1
11/03/2015 16:00,15.9
11/04/2015 16:00,16.57
11/05/2015 16:00,17.09
11/06/2015 16:00,17.95
11/09/2015 16:00,18.32
11/10/2015 16:00,18.49
11/11/2015 16:00,18.5
11/12/2015 16:00,18.1
11/13/2015 16:00:00,17.93
11/16/2015 16:00:00,17.2
11/17/2015 16:00:00,17.67
11/18/2015 16:00:00,18.2
11/19/2015 16:00:00,18.45
11/20/2015 16:00:00,18.72
11/23/2015 16:00:00,19.82
11/24/2015 16:00:00,19.34
11/25/2015 16:00:00,18.75
11/26/2015 16:00:00,18.6
11/27/2015 16:00:00,18.2
11/30/2015 16:00:00,17.55
12/01/2015 16:00,17.42
12/02/2015 16:00,17.28
12/03/2015 16:00,16.73
12/04/2015 16:00,17
12/07/2015 16:00,16.66
12/08/2015 16:00,16.56
12/09/2015 16:00,16.72
12/10/2015 16:00,16.6
12/11/2015 16:00,16.74
12/14/2015 16:00:00,16.5
12/15/2015 16:00:00,15.88
12/16/2015 16:00:00,16.35
12/17/2015 16:00:00,16.76
12/18/2015 16:00:00,16.78
12/21/2015 16:00:00,17.15
12/22/2015 16:00:00,17.56
12/23/2015 16:00:00,17.64
12/24/2015 16:00:00,18
12/29/2015 16:00:00,18.41
12/30/2015 16:00:00,18.6
12/31/2015 16:00:00,18.65
1/04/2016 16:00,18.16
1/05/2016 16:00,17.6
1/06/2016 16:00,17.75
1/07/2016 16:00,16.99
1/08/2016 16:00,16.63
1/11/2016 16:00,16
1/12/2016 16:00,15.98
1/13/2016 16:00:00,16.14
1/14/2016 16:00:00,15.4
1/15/2016 16:00:00,15.2
1/18/2016 16:00:00,15.35
1/19/2016 16:00:00,15.36
1/20/2016 16:00:00,15.17
1/21/2016 16:00:00,15.6
1/22/2016 16:00:00,15.27
1/25/2016 16:00:00,16.39
1/27/2016 16:00:00,15.92
1/28/2016 16:00:00,15.81
1/29/2016 16:00:00,15.36
2/01/2016 16:00,15.04
2/02/2016 16:00,15.1
2/03/2016 16:00,15.11
2/04/2016 16:00,15.1
2/05/2016 16:00,15.13
2/08/2016 16:00,15.13
2/09/2016 16:00,14.15
2/10/2016 16:00,13.5
2/11/2016 16:00,13.2
2/12/2016 16:00,12.95
2/15/2016 16:00:00,12.83
2/16/2016 16:00:00,13.29
2/17/2016 16:00:00,13.57
2/18/2016 16:00:00,13.9
2/19/2016 16:00:00,13.65
2/22/2016 16:00:00,13.76
2/23/2016 16:00:00,14.3
2/24/2016 16:00:00,13.87
2/25/2016 16:00:00,13.8
2/26/2016 16:00:00,13.9
2/29/2016 16:00:00,13.8
3/01/2016 16:00,13.67
3/02/2016 16:00,13.75
3/03/2016 16:00,13.75
3/04/2016 16:00,13.78
3/07/2016 16:00,13.83
3/08/2016 16:00,14.1
3/09/2016 16:00,14.1
3/10/2016 16:00,14.17
3/11/2016 16:00,14.12
3/14/2016 16:00:00,14.24
3/15/2016 16:00:00,14.25
3/16/2016 16:00:00,13.69
3/17/2016 16:00:00,13.85
3/18/2016 16:00:00,14
3/21/2016 16:00:00,13.8
3/22/2016 16:00:00,13.6
3/23/2016 16:00:00,13.41
3/24/2016 16:00:00,13.6
3/29/2016 16:00:00,13.35
3/30/2016 16:00:00,13.61
3/31/2016 16:00:00,13.95
4/01/2016 16:00,14.15
4/04/2016 16:00,15.06
4/05/2016 16:00,14.97
4/06/2016 16:00,14.84
4/07/2016 16:00,14.93
4/08/2016 16:00,14.94
4/11/2016 16:00,14.9
4/12/2016 16:00,15.34
4/13/2016 16:00:00,15.5
4/14/2016 16:00:00,15.7
4/15/2016 16:00:00,15.62
4/18/2016 16:00:00,16
4/19/2016 16:00:00,15.6
4/20/2016 16:00:00,15.72
4/21/2016 16:00:00,15.86
4/22/2016 16:00:00,15.4
4/26/2016 16:00:00,15
4/27/2016 16:00:00,14.8
4/28/2016 16:00:00,14.98
4/29/2016 16:00:00,15
5/02/2016 16:00,14.75
5/03/2016 16:00,14.8
5/04/2016 16:00,14.2
5/05/2016 16:00,14.05
5/06/2016 16:00,14.64
5/09/2016 16:00,14.45
5/10/2016 16:00,14.45
5/11/2016 16:00,14.49
5/12/2016 16:00,14.49
5/13/2016 16:00:00,15.7
5/16/2016 16:00:00,16.25
5/17/2016 16:00:00,16.63
5/18/2016 16:00:00,16.23
5/19/2016 16:00:00,15.67
5/20/2016 16:00:00,15.89
5/23/2016 16:00:00,15.64
5/24/2016 16:00:00,15.71
5/25/2016 16:00:00,15.86
5/26/2016 16:00:00,15.83
5/27/2016 16:00:00,16.31
5/30/2016 16:00:00,16.49
5/31/2016 16:00:00,16.65
6/01/2016 16:00,16.94
6/02/2016 16:00,17.52
6/03/2016 16:00,17.78
6/06/2016 16:00,17.6
6/07/2016 16:00,17.74
6/08/2016 16:00,17.95
6/09/2016 16:00,18.59
6/10/2016 16:00,18.69
6/14/2016 16:00:00,17.63
6/15/2016 16:00:00,17.62
6/16/2016 16:00:00,18.28
6/17/2016 16:00:00,18.15
6/20/2016 16:00:00,18.02
6/21/2016 16:00:00,17.85
6/22/2016 16:00:00,17.44
6/23/2016 16:00:00,17.69
6/24/2016 16:00:00,16.74
6/27/2016 16:00:00,16.83
6/28/2016 16:00:00,16.36
6/29/2016 16:00:00,17
6/30/2016 16:00:00,17.4
7/01/2016 16:00,17.11
7/04/2016 16:00,17.25
7/05/2016 16:00,17.34
7/06/2016 16:00,17
7/07/2016 16:00,16.9
7/08/2016 16:00,17.1
7/11/2016 16:00,17.34
7/12/2016 16:00,17.2
7/13/2016 16:00:00,17.36
7/14/2016 16:00:00,17
7/15/2016 16:00:00,16.92
7/18/2016 16:00:00,16.9
7/19/2016 16:00:00,17
7/20/2016 16:00:00,18.11
7/21/2016 16:00:00,18.29
7/22/2016 16:00:00,18.02
7/25/2016 16:00:00,18.74
7/26/2016 16:00:00,18.84
7/27/2016 16:00:00,18.72
7/28/2016 16:00:00,18.62
7/29/2016 16:00:00,18.73
8/01/2016 16:00,18.95
8/02/2016 16:00,18.76
8/03/2016 16:00,18.62
8/04/2016 16:00,18.74
8/05/2016 16:00,18.87
8/08/2016 16:00,19.08
8/09/2016 16:00,19.04
8/10/2016 16:00,19.04
8/11/2016 16:00,18.95
8/12/2016 16:00,18.89
8/15/2016 16:00:00,18.93
8/16/2016 16:00:00,18.64
8/17/2016 16:00:00,19.04
8/18/2016 16:00:00,18.99
8/19/2016 16:00:00,18.91
8/22/2016 16:00:00,18.6
8/23/2016 16:00:00,19.02
8/24/2016 16:00:00,19.18
8/25/2016 16:00:00,19.11
8/26/2016 16:00:00,18.74
8/29/2016 16:00:00,18.88
8/30/2016 16:00:00,18.89
8/31/2016 16:00:00,19.08
9/01/2016 16:00,19.03
9/02/2016 16:00,19.07
9/05/2016 16:00,19.08
9/06/2016 16:00,19.36
9/07/2016 16:00,19.6
9/08/2016 16:00,19.34
9/09/2016 16:00,19.3
9/12/2016 16:00,18.65
9/13/2016 16:00:00,18.74
9/14/2016 16:00:00,18.65
9/15/2016 16:00:00,18.77
9/16/2016 16:00:00,19.33
9/20/2016 16:00:00,19.4
9/21/2016 16:00:00,19.3
9/22/2016 16:00:00,19.16
9/23/2016 16:00:00,19.1
9/26/2016 16:00:00,18.89
9/27/2016 16:00:00,18.57
9/28/2016 16:00:00,18.58
9/29/2016 16:00:00,18.65
9/30/2016 16:00:00,18.5
10/03/2016 16:00,18.5
10/04/2016 16:00,18.64
10/05/2016 16:00,18.5
10/06/2016 16:00,18
10/07/2016 16:00,17.88
10/10/2016 16:00,17.56
10/11/2016 16:00,17.65
10/12/2016 16:00,17.3
10/13/2016 16:00:00,16.7
10/14/2016 16:00:00,16.65
10/17/2016 16:00:00,16.31
10/18/2016 16:00:00,16.8
10/19/2016 16:00:00,17.07
10/20/2016 16:00:00,16.92
10/21/2016 16:00:00,17
10/24/2016 16:00:00,16.95
10/25/2016 16:00:00,16.95
10/26/2016 16:00:00,16.65
10/27/2016 16:00:00,16.6
10/28/2016 16:00:00,16.71
10/31/2016 16:00:00,16.61
11/01/2016 16:00,16.12
11/02/2016 16:00,16.08
11/03/2016 16:00,16.4
11/04/2016 16:00,16.6
11/07/2016 16:00,16.89
11/08/2016 16:00,17.08
11/09/2016 16:00,16.59
11/10/2016 16:00,16.89
11/11/2016 16:00,16.66
11/14/2016 16:00:00,16.58
11/15/2016 16:00:00,16.47
11/16/2016 16:00:00,16.84
11/17/2016 16:00:00,17.14
11/18/2016 16:00:00,17.37
11/21/2016 16:00:00,17.61
11/22/2016 16:00:00,18
11/23/2016 16:00:00,17.85
11/24/2016 16:00:00,17.52
11/25/2016 16:00:00,17.24
11/28/2016 16:00:00,17.07
11/29/2016 16:00:00,16.61
11/30/2016 16:00:00,16.75
12/01/2016 16:00,17
12/02/2016 16:00,16.8
12/05/2016 16:00,16.85
12/06/2016 16:00,16.61
12/07/2016 16:00,16.71
12/08/2016 16:00,17
12/09/2016 16:00,16.9
12/12/2016 16:00,16.8
12/13/2016 16:00:00,16.7
12/14/2016 16:00:00,16.67
12/15/2016 16:00:00,16.42
12/16/2016 16:00:00,16.51
12/19/2016 16:00:00,16.7
12/20/2016 16:00:00,16.72
12/21/2016 16:00:00,16.55
12/22/2016 16:00:00,16.59
12/23/2016 16:00:00,16.89
12/28/2016 16:00:00,16.89
12/29/2016 16:00:00,16.96
12/30/2016 16:00:00,16.98
1/03/2017 16:00,16.85
1/04/2017 16:00,16.99
1/05/2017 16:00,17.23
1/06/2017 16:00,17.41
1/09/2017 16:00,17.68
1/10/2017 16:00,17.64
1/11/2017 16:00,17.35
1/12/2017 16:00,17.27
1/13/2017 16:00:00,17.52
1/16/2017 16:00:00,17.53
1/17/2017 16:00:00,17.54
1/18/2017 16:00:00,17.68
1/19/2017 16:00:00,17.79
1/20/2017 16:00:00,17.84
1/23/2017 16:00:00,17.68
1/24/2017 16:00:00,17.97
1/25/2017 16:00:00,18.19
1/27/2017 16:00:00,18.33
1/30/2017 16:00:00,18.22
1/31/2017 16:00:00,18.03
2/01/2017 16:00,18.4
2/02/2017 16:00,18.34
2/03/2017 16:00,18.34
2/06/2017 16:00,18.06
2/07/2017 16:00,18.3
2/08/2017 16:00,17.97
2/09/2017 16:00,18.04
2/10/2017 16:00,17.9
2/13/2017 16:00:00,17.84
2/14/2017 16:00:00,17.82
2/15/2017 16:00:00,17.8
2/16/2017 16:00:00,17.88
2/17/2017 16:00:00,17.87
2/20/2017 16:00:00,17.68
2/21/2017 16:00:00,17.62
2/22/2017 16:00:00,17.3
2/23/2017 16:00:00,17.71
2/24/2017 16:00:00,17.42
2/27/2017 16:00:00,17.44
2/28/2017 16:00:00,17.54
3/01/2017 16:00,16.9
3/02/2017 16:00,17.2
3/03/2017 16:00,17.35
3/06/2017 16:00,17.3
3/07/2017 16:00,17.14
3/08/2017 16:00,17
3/09/2017 16:00,17.05
3/10/2017 16:00,17.18
3/13/2017 16:00:00,17
3/14/2017 16:00:00,17.22
3/15/2017 16:00:00,17.52
3/16/2017 16:00:00,17.74
3/17/2017 16:00:00,17.75
3/20/2017 16:00:00,17.75
3/21/2017 16:00:00,17.64
3/22/2017 16:00:00,17.7
3/23/2017 16:00:00,17.5
3/24/2017 16:00:00,17.31
3/27/2017 16:00:00,17.3
3/28/2017 16:00:00,17.33
3/29/2017 16:00:00,17.2
3/30/2017 16:00:00,17.77
3/31/2017 16:00:00,18.1
4/03/2017 16:00,18.11
4/04/2017 16:00,18.47
4/05/2017 16:00,18.42
4/06/2017 16:00,18.39
4/07/2017 16:00,18.29
4/10/2017 16:00,18.3
4/11/2017 16:00,18.33
4/12/2017 16:00,18.53
4/13/2017 16:00:00,18.66
4/18/2017 16:00:00,18.95
4/19/2017 16:00:00,19.23
4/20/2017 16:00:00,19.3
4/21/2017 16:00:00,19.15
4/24/2017 16:00:00,19.1
4/26/2017 16:00:00,19.22
4/27/2017 16:00:00,19.58
4/28/2017 16:00:00,20
5/01/2017 16:00,19.9
5/02/2017 16:00,19.76
5/03/2017 16:00,19.91
5/04/2017 16:00,19.49
5/05/2017 16:00,19.49
5/08/2017 16:00,20
5/09/2017 16:00,20.29
5/10/2017 16:00,20.57
5/11/2017 16:00,21.8
5/12/2017 16:00,21.62
5/15/2017 16:00:00,22.08
5/16/2017 16:00:00,22.35
5/17/2017 16:00:00,22.26
5/18/2017 16:00:00,21.55
5/19/2017 16:00:00,21.74
5/22/2017 16:00:00,22.12
5/23/2017 16:00:00,22.6
5/24/2017 16:00:00,22.76
5/25/2017 16:00:00,22.81
5/26/2017 16:00:00,23.03
5/29/2017 16:00:00,23.17
5/30/2017 16:00:00,22.99
5/31/2017 16:00:00,23.92
6/01/2017 16:00,24.09
6/02/2017 16:00,24.7
6/05/2017 16:00,25.19
6/06/2017 16:00,24.69
6/07/2017 16:00,25.06
6/08/2017 16:00,24.45
6/09/2017 16:00,23.85
6/13/2017 16:00:00,23
6/14/2017 16:00:00,23.63
6/15/2017 16:00:00,23.53
6/16/2017 16:00:00,23.7
6/19/2017 16:00:00,23.98
6/20/2017 16:00:00,24.86
6/21/2017 16:00:00,24.02
6/22/2017 16:00:00,24.95
6/23/2017 16:00:00,25
6/26/2017 16:00:00,24.89
6/27/2017 16:00:00,24.65
6/28/2017 16:00:00,24.64
6/29/2017 16:00:00,24.65
6/30/2017 16:00:00,24.19
7/03/2017 16:00,24
7/04/2017 16:00,24.2
7/05/2017 16:00,24.48
7/06/2017 16:00,24.57
7/07/2017 16:00,24.34
7/10/2017 16:00,24.61
7/11/2017 16:00,24.44
7/12/2017 16:00,24.46
7/13/2017 16:00:00,24.54
7/14/2017 16:00:00,24.3
7/17/2017 16:00:00,24.22
7/18/2017 16:00:00,24.03
7/19/2017 16:00:00,24.05
7/20/2017 16:00:00,23.96
7/21/2017 16:00:00,24.22
7/24/2017 16:00:00,23.8
7/25/2017 16:00:00,24.18
7/26/2017 16:00:00,24.25
7/27/2017 16:00:00,24.45
7/28/2017 16:00:00,24.54
7/31/2017 16:00:00,24.87
8/01/2017 16:00,25.15
8/02/2017 16:00,25.8
8/03/2017 16:00,26
8/04/2017 16:00,25.69
8/07/2017 16:00,25.21
8/08/2017 16:00,25.1
8/09/2017 16:00,24.89
8/10/2017 16:00,24.5
8/11/2017 16:00,24.29
8/14/2017 16:00:00,24.6
8/15/2017 16:00:00,25.12
8/16/2017 16:00:00,25.2
8/17/2017 16:00:00,24.76
8/18/2017 16:00:00,24.74
8/21/2017 16:00:00,24.69
8/22/2017 16:00:00,24.8
8/23/2017 16:00:00,24.7
8/24/2017 16:00:00,24.65
8/25/2017 16:00:00,24.51
8/28/2017 16:00:00,24.35
8/29/2017 16:00:00,24.11
8/30/2017 16:00:00,23.79
8/31/2017 16:00:00,23.82
9/01/2017 16:00,23.6
9/04/2017 16:00,23.52
9/05/2017 16:00,23.65
9/06/2017 16:00,23.85
9/07/2017 16:00,23.81
9/08/2017 16:00,23.83
9/11/2017 16:00,24.3
9/12/2017 16:00,24.63
9/13/2017 16:00:00,24.79
9/14/2017 16:00:00,25.41
9/15/2017 16:00:00,25.54
9/18/2017 16:00:00,26.24
9/19/2017 16:00:00,26.4
9/20/2017 16:00:00,26.38
9/21/2017 16:00:00,26.01
9/22/2017 16:00:00,26.04
9/25/2017 16:00:00,25.96
9/26/2017 16:00:00,26.25
9/27/2017 16:00:00,26.69
9/28/2017 16:00:00,28.22
9/29/2017 16:00:00,28.39
10/02/2017 16:00,28.05
10/03/2017 16:00,28.36
10/04/2017 16:00,28.26
10/05/2017 16:00,29.41
10/06/2017 16:00,29.2
10/09/2017 16:00,29.26
10/10/2017 16:00,29.95
10/11/2017 16:00,30.27
10/12/2017 16:00,31
10/13/2017 16:00:00,31.82
10/16/2017 16:00:00,32.18
10/17/2017 16:00:00,30.84
10/18/2017 16:00:00,30.8
10/19/2017 16:00:00,30.46
10/20/2017 16:00:00,30.08
10/23/2017 16:00:00,29.93
10/24/2017 16:00:00,29.65
10/25/2017 16:00:00,29.85
10/26/2017 16:00:00,30.11
10/27/2017 16:00:00,30.23
10/30/2017 16:00:00,30.29
10/31/2017 16:00:00,30.9
11/01/2017 16:00,30.58
11/02/2017 16:00,30.61
11/03/2017 16:00,31.11
11/06/2017 16:00,30.95
11/07/2017 16:00,31.36
11/08/2017 16:00,30.96
11/09/2017 16:00,30.59
11/10/2017 16:00,29.11
11/13/2017 16:00:00,27.65
11/14/2017 16:00:00,28.53
11/15/2017 16:00:00,30
11/16/2017 16:00:00,29.88
11/17/2017 16:00:00,30
11/20/2017 16:00:00,30.37
11/21/2017 16:00:00,30.24
11/22/2017 16:00:00,30.14
11/23/2017 16:00:00,29.93
11/24/2017 16:00:00,29.79
11/27/2017 16:00:00,29.76
11/28/2017 16:00:00,29.48
11/29/2017 16:00:00,28.53
11/30/2017 16:00:00,28.25
12/01/2017 16:00,28.8
12/04/2017 16:00,28.72
12/05/2017 16:00,27.7
12/06/2017 16:00,27.35
12/07/2017 16:00,27.27
12/08/2017 16:00,27.49
12/11/2017 16:00,28
12/12/2017 16:00,27.55
12/13/2017 16:00:00,27.04
12/14/2017 16:00:00,27.02
12/15/2017 16:00:00,26.07
12/18/2017 16:00:00,27.17
12/19/2017 16:00:00,28.12
12/20/2017 16:00:00,28.23
12/21/2017 16:00:00,29.12
12/22/2017 16:00:00,28.9
12/27/2017 16:00:00,28.5
12/28/2017 16:00:00,27.94
12/29/2017 16:00:00,28.66
1/02/2018 16:00,28.35
1/03/2018 16:00,28.7
1/04/2018 16:00,28.55
1/05/2018 16:00,28.9
1/08/2018 16:00,29.48
1/09/2018 16:00,29.5
1/10/2018 16:00,29.8
1/11/2018 16:00,29.76
1/12/2018 16:00,29.91
1/15/2018 16:00:00,29.96
1/16/2018 16:00:00,30.69
1/17/2018 16:00:00,30.53
1/18/2018 16:00:00,30.6
1/19/2018 16:00:00,29.95
1/22/2018 16:00:00,30.01
1/23/2018 16:00:00,30.1
1/24/2018 16:00:00,30.75
1/25/2018 16:00:00,31.7
1/29/2018 16:00:00,31.26
1/30/2018 16:00:00,30.33
1/31/2018 16:00:00,31.47
2/01/2018 16:00,34.79
2/02/2018 16:00,33.49
2/05/2018 16:00,31.55
2/06/2018 16:00,30.7
2/07/2018 16:00,32.59
2/08/2018 16:00,32
2/09/2018 16:00,31.77
2/12/2018 16:00,31.08
2/13/2018 16:00:00,31.55
2/14/2018 16:00:00,30.92
2/15/2018 16:00:00,31.76
2/16/2018 16:00:00,32.1
2/19/2018 16:00:00,32
2/20/2018 16:00:00,31.45
2/21/2018 16:00:00,31.6
2/22/2018 16:00:00,31.6
2/23/2018 16:00:00,31.56
2/26/2018 16:00:00,31.66
2/27/2018 16:00:00,31.33
2/28/2018 16:00:00,31.76
3/01/2018 16:00,32.23
3/02/2018 16:00,32.88
3/05/2018 16:00,30.85
3/06/2018 16:00,31.77
3/07/2018 16:00,31.79
3/08/2018 16:00,32.23
3/09/2018 16:00,31.84
3/12/2018 16:00,32.97
3/13/2018 16:00:00,34
3/14/2018 16:00:00,34.87
3/15/2018 16:00:00,34.4
3/16/2018 16:00:00,34.21
3/19/2018 16:00:00,34.5
3/20/2018 16:00:00,35.25
3/21/2018 16:00:00,34.84
3/22/2018 16:00:00,35
3/23/2018 16:00:00,34.83
3/26/2018 16:00:00,34.6
3/27/2018 16:00:00,35.1
3/28/2018 16:00:00,34.44
3/29/2018 16:00:00,33.44
4/03/2018 16:00,32.8
4/04/2018 16:00,33.68
4/05/2018 16:00,33.73
4/06/2018 16:00,34.08
4/09/2018 16:00,33.85
4/10/2018 16:00,35.01
4/11/2018 16:00,34.91
4/12/2018 16:00,34.93
4/13/2018 16:00:00,34.96
4/16/2018 16:00:00,35.5
4/17/2018 16:00:00,35.46
4/18/2018 16:00:00,36
4/19/2018 16:00:00,37.04
4/20/2018 16:00:00,37.31
4/23/2018 16:00:00,37.22
4/24/2018 16:00:00,37.47
4/26/2018 16:00:00,37.85
4/27/2018 16:00:00,38.1
4/30/2018 16:00:00,38.03
5/01/2018 16:00,38.21
5/02/2018 16:00,39.5
5/03/2018 16:00,39.02
5/04/2018 16:00,40.05
5/07/2018 16:00,41.09
5/08/2018 16:00,39.91
5/09/2018 16:00,41.28
5/10/2018 16:00,39.89
5/11/2018 16:00,40
5/14/2018 16:00:00,40.07
5/15/2018 16:00:00,39.99
5/16/2018 16:00:00,39.79
5/17/2018 16:00:00,39.49
5/18/2018 16:00:00,39.46
5/21/2018 16:00:00,39.86
5/22/2018 16:00:00,39.24
5/23/2018 16:00:00,38.37
5/24/2018 16:00:00,39.11
5/25/2018 16:00:00,39.5
5/28/2018 16:00:00,40.32
5/29/2018 16:00:00,39.31
5/30/2018 16:00:00,40.2
5/31/2018 16:00:00,40.97
6/01/2018 16:00,40.86
6/04/2018 16:00,41.12
6/05/2018 16:00,42.3
6/06/2018 16:00,43.61
6/07/2018 16:00,44.01
6/08/2018 16:00,43.95
6/12/2018 16:00,44.98
6/13/2018 16:00:00,44.77
6/14/2018 16:00:00,45
6/15/2018 16:00:00,45.78
6/18/2018 16:00:00,45.54
6/19/2018 16:00:00,45.36
6/20/2018 16:00:00,45.72
6/21/2018 16:00:00,47.44
6/22/2018 16:00:00,46.17
6/25/2018 16:00:00,46.04
6/26/2018 16:00:00,45.1
6/27/2018 16:00:00,46.1
6/28/2018 16:00:00,45.29
6/29/2018 16:00:00,45.01
7/02/2018 16:00,45.86
7/03/2018 16:00,46
7/04/2018 16:00,45.35
7/05/2018 16:00,45
7/06/2018 16:00,45.01
7/09/2018 16:00,45.53
7/10/2018 16:00,45.2
7/11/2018 16:00,44.42
7/12/2018 16:00,45.8
7/13/2018 16:00:00,46.29
7/16/2018 16:00:00,46.09
7/17/2018 16:00:00,45.35
7/18/2018 16:00:00,45.45
7/19/2018 16:00:00,45.3
7/20/2018 16:00:00,45.99
7/23/2018 16:00:00,45.5
7/24/2018 16:00:00,44.98
7/25/2018 16:00:00,44.83
7/26/2018 16:00:00,44.02
7/27/2018 16:00:00,44.86
7/30/2018 16:00:00,43.93
7/31/2018 16:00:00,42.8
8/01/2018 16:00,44.14
8/02/2018 16:00,43
8/03/2018 16:00,44.72
8/06/2018 16:00,43.59
8/07/2018 16:00,44.77
8/08/2018 16:00,44.4
8/09/2018 16:00,44.5
8/10/2018 16:00,44.73
8/13/2018 16:00:00,45.73
8/14/2018 16:00:00,46.25
8/15/2018 16:00:00,47.25
8/16/2018 16:00:00,47.51
8/17/2018 16:00:00,47.35
8/20/2018 16:00:00,47.47
8/21/2018 16:00:00,49.01
8/22/2018 16:00:00,49.02
8/23/2018 16:00:00,49.99
8/24/2018 16:00:00,49.79
8/27/2018 16:00:00,50.99
8/28/2018 16:00:00,50.83
8/29/2018 16:00:00,50.67
8/30/2018 16:00:00,52.34
8/31/2018 16:00:00,51.07
9/03/2018 16:00,51.1
9/04/2018 16:00,49.92
9/05/2018 16:00,48.75
9/06/2018 16:00,45.97
9/07/2018 16:00,46.27
9/10/2018 16:00,47.76
9/11/2018 16:00,46.86
9/12/2018 16:00,47.42
9/13/2018 16:00:00,47.17
9/14/2018 16:00:00,48.21
9/17/2018 16:00:00,48.8
9/18/2018 16:00:00,47.86
9/19/2018 16:00:00,48.26
9/20/2018 16:00:00,47.61
9/21/2018 16:00:00,50
9/24/2018 16:00:00,49.97
9/25/2018 16:00:00,49.03
9/26/2018 16:00:00,49.69
9/27/2018 16:00:00,49.21
9/28/2018 16:00:00,49
10/01/2018 16:00,50.61
10/02/2018 16:00,49.96
10/03/2018 16:00,49.55
10/04/2018 16:00,49
10/05/2018 16:00,48.49
10/08/2018 16:00,48.84
10/09/2018 16:00,46.43
10/10/2018 16:00,45.36
10/11/2018 16:00,42.52
10/12/2018 16:00,43.29
10/15/2018 16:00:00,42.34
10/16/2018 16:00:00,41.82
10/17/2018 16:00:00,44.18
10/18/2018 16:00:00,43.83
10/19/2018 16:00:00,42.75
10/22/2018 16:00:00,42.05
10/23/2018 16:00:00,41.8
10/24/2018 16:00:00,40.81
10/25/2018 16:00:00,39.08
10/26/2018 16:00:00,38.84
10/29/2018 16:00:00,39.25
10/30/2018 16:00:00,40.23
10/31/2018 16:00:00,39.78
11/01/2018 16:00,41.3
11/02/2018 16:00,40.98
11/05/2018 16:00,41.11
11/06/2018 16:00,41.52
11/07/2018 16:00,42.97
11/08/2018 16:00,43.75
11/09/2018 16:00,42.1
11/12/2018 16:00,40.61
11/13/2018 16:00:00,40.05
11/14/2018 16:00:00,39.91
11/15/2018 16:00:00,40.65
11/16/2018 16:00:00,41.98
11/19/2018 16:00:00,39.77
11/20/2018 16:00:00,37.62
11/21/2018 16:00:00,36.67
11/22/2018 16:00:00,37.39
11/23/2018 16:00:00,37.29
11/26/2018 16:00:00,37.14
11/27/2018 16:00:00,37.5
11/28/2018 16:00:00,39.36
11/29/2018 16:00:00,40.56
11/30/2018 16:00:00,39.88
12/03/2018 16:00,40.92
12/04/2018 16:00,40.64
12/05/2018 16:00,39.43
12/06/2018 16:00,38.94
12/07/2018 16:00,38.76
12/10/2018 16:00,37.2
12/11/2018 16:00,37.55
12/12/2018 16:00,39.3
12/13/2018 16:00:00,39.95
12/14/2018 16:00:00,39.16
12/17/2018 16:00:00,39.96
12/18/2018 16:00:00,39.03
12/19/2018 16:00:00,39.1
12/20/2018 16:00:00,38.53
12/21/2018 16:00:00,39.42
12/24/2018 14:10:00,40.72
12/27/2018 16:00:00,41.75
12/28/2018 16:00:00,41.9
12/31/2018 14:10:00,42.02
1/02/2019 16:00,41.95
1/03/2019 16:00,42.09
1/04/2019 16:00,40.9
1/07/2019 16:00,41.91
1/08/2019 16:00,43.52
1/09/2019 16:00,43.5
1/10/2019 16:00,43
1/11/2019 16:00,42.66
1/14/2019 16:00:00,42
1/15/2019 16:00:00,42.35
1/16/2019 16:00:00,42.95
1/17/2019 16:00:00,42.45
1/18/2019 16:00:00,42.13
1/21/2019 16:00:00,42.24
1/22/2019 16:00:00,42.59
1/23/2019 16:00:00,42.2
1/24/2019 16:00:00,42.01
1/25/2019 16:00:00,42.3
1/29/2019 16:00:00,41.82
1/30/2019 16:00:00,40.02
1/31/2019 16:00:00,43.53
2/01/2019 16:00,43.3
2/04/2019 16:00,42.16
2/05/2019 16:00,43.79
2/06/2019 16:00,45
2/07/2019 16:00,46.22
2/08/2019 16:00,45.9
2/11/2019 16:00,45.98
2/12/2019 16:00,46.75
2/13/2019 16:00:00,47.73
2/14/2019 16:00:00,48.6
2/15/2019 16:00:00,48.31
2/18/2019 16:00:00,48.67
2/19/2019 16:00:00,48.33
2/20/2019 16:00:00,48.29
2/21/2019 16:00:00,47.82
2/22/2019 16:00:00,48.72
2/25/2019 16:00:00,49.05
2/26/2019 16:00:00,47.95
2/27/2019 16:00:00,47.33
2/28/2019 16:00:00,47.5
3/01/2019 16:00,48.13
3/04/2019 16:00,49.92
3/05/2019 16:00,48.76
3/06/2019 16:00,49.06
3/07/2019 16:00,49.01
3/08/2019 16:00,48.63
3/11/2019 16:00,48.56
3/12/2019 16:00,48.49
3/13/2019 16:00:00,47.39
3/14/2019 16:00:00,48.45
3/15/2019 16:00:00,49.58
3/18/2019 16:00:00,49.32
3/19/2019 16:00:00,48.5
3/20/2019 16:00:00,50
3/21/2019 16:00:00,49.35
3/22/2019 16:00:00,49.75
3/25/2019 16:00:00,48.04
3/26/2019 16:00:00,47.84
3/27/2019 16:00:00,48.73
3/28/2019 16:00:00,48.22
3/29/2019 16:00:00,48.65
4/01/2019 16:00,48.99
4/02/2019 16:00,50.64
4/03/2019 16:00,50.7
4/04/2019 16:00,51.09
4/05/2019 16:00,49.66
4/08/2019 16:00,50.51
4/09/2019 16:00,50.97
4/10/2019 16:00,51.4
4/11/2019 16:00,51.26
4/12/2019 16:00,52.09
4/15/2019 16:00:00,51.87
4/16/2019 16:00:00,51.32
4/17/2019 16:00:00,51.57
4/18/2019 16:00:00,51.31
4/23/2019 16:00:00,53.29
4/24/2019 16:00:00,54.28
4/26/2019 16:00:00,53.95
4/29/2019 16:00:00,54.56
4/30/2019 16:00:00,54.45
5/01/2019 16:00,55.03
5/02/2019 16:00,55.03
5/03/2019 16:00,54.65
5/06/2019 16:00,53.52
5/07/2019 16:00,54.05
5/08/2019 16:00,53.47
5/09/2019 16:00,53.77
5/10/2019 16:00,55.14
5/13/2019 16:00:00,54.54
5/14/2019 16:00:00,53.75
5/15/2019 16:00:00,54.31
5/16/2019 16:00:00,60.15
5/17/2019 16:00:00,61.3
5/20/2019 16:00:00,59.4
5/21/2019 16:00:00,59.58
5/22/2019 16:00:00,59.21
5/23/2019 16:00:00,60.14
5/24/2019 16:00:00,59.69
5/27/2019 16:00:00,60.2
5/28/2019 16:00:00,61.07
5/29/2019 16:00:00,60.41
5/30/2019 16:00:00,59.89
5/31/2019 16:00:00,59.81
6/03/2019 16:00,59.45
6/04/2019 16:00,57.38
6/05/2019 16:00,58.3
6/06/2019 16:00,58.69
6/07/2019 16:00,59.29
6/11/2019 16:00,60.91
6/12/2019 16:00,60.45
6/13/2019 16:00:00,59.47
6/14/2019 16:00:00,59.24
6/17/2019 16:00:00,59.09
6/18/2019 16:00:00,60.34
6/19/2019 16:00:00,60.8
6/20/2019 16:00:00,62.6
6/21/2019 16:00:00,61.99
6/24/2019 16:00:00,61.31
6/25/2019 16:00:00,61.15
6/26/2019 16:00:00,61.02
6/27/2019 16:00:00,60.75
6/28/2019 16:00:00,59.94
7/01/2019 16:00,61.22
7/02/2019 16:00,61.8
7/03/2019 16:00,63
7/04/2019 16:00,62.6
7/05/2019 16:00,63.27
7/08/2019 16:00,62.59
7/09/2019 16:00,62.31
7/10/2019 16:00,63.47
7/11/2019 16:00,63.96
7/12/2019 16:00,63.33
7/15/2019 16:00:00,61.03
7/16/2019 16:00:00,60.09
7/17/2019 16:00:00,60.02
7/18/2019 16:00:00,59.87
7/19/2019 16:00:00,61.07
7/22/2019 16:00:00,61.61
7/23/2019 16:00:00,62.55
7/24/2019 16:00:00,63.35
7/25/2019 16:00:00,65.25
7/26/2019 16:00:00,64.56
7/29/2019 16:00:00,65.27
7/30/2019 16:00:00,64.9
7/31/2019 16:00:00,64.92
8/01/2019 16:00,64.57
8/02/2019 16:00,65.68
8/05/2019 16:00,63.79
8/06/2019 16:00,59.97
8/07/2019 16:00,59.93
8/08/2019 16:00,61.01
8/09/2019 16:00,61.08
8/12/2019 16:00,61.7
8/13/2019 16:00:00,62.04
8/14/2019 16:00:00,62.59
8/15/2019 16:00:00,60.41
8/16/2019 16:00:00,60
8/19/2019 16:00:00,62
8/20/2019 16:00:00,62.51
8/21/2019 16:00:00,62.61
8/22/2019 16:00:00,62.43
8/23/2019 16:00:00,61.58
8/26/2019 16:00:00,60.51
8/27/2019 16:00:00,61.49
8/28/2019 16:00:00,62.81
8/29/2019 16:00:00,62.15
8/30/2019 16:00:00,63.47
9/02/2019 16:00,63.35
9/03/2019 16:00,62.79
9/04/2019 16:00,62.82
9/05/2019 16:00,65.01
9/06/2019 16:00,66.5
9/09/2019 16:00,67.01
9/10/2019 16:00,65.69
9/11/2019 16:00,63.55
9/12/2019 16:00,62.43
9/13/2019 16:00:00,62.15
9/16/2019 16:00:00,61.16
9/17/2019 16:00:00,62.65
9/18/2019 16:00:00,62.3
9/19/2019 16:00:00,63.06
9/20/2019 16:00:00,63.8
9/23/2019 16:00:00,65.6
9/24/2019 16:00:00,66.15
9/25/2019 16:00:00,64.74
9/26/2019 16:00:00,63.31
9/27/2019 16:00:00,63.35
9/30/2019 16:00:00,62.29
10/01/2019 16:00,63.82
10/02/2019 16:00,61.77
10/03/2019 16:00,60.39
10/04/2019 16:00,62.3
10/07/2019 16:00,63.08
10/08/2019 16:00,63.99
10/09/2019 16:00,64.78
10/10/2019 16:00,64.69
10/11/2019 16:00,66.91
10/14/2019 16:00:00,67.69
10/15/2019 16:00:00,68.53
10/16/2019 16:00:00,70.14
10/17/2019 16:00:00,69.38
10/18/2019 16:00:00,69.86
10/21/2019 16:00:00,68.7
10/22/2019 16:00:00,68.25
10/23/2019 16:00:00,66.1
10/24/2019 16:00:00,65.66
10/25/2019 16:00:00,67
10/28/2019 16:00:00,66.93
10/29/2019 16:00:00,68.72
10/30/2019 16:00:00,68.9
10/31/2019 16:00:00,68.99
11/01/2019 16:00,69.91
11/04/2019 16:00,69.06
11/05/2019 16:00,68.43
11/06/2019 16:00,67.5
11/07/2019 16:00,73.95
11/08/2019 16:00,75.71
11/11/2019 16:00,75.71
11/12/2019 16:00,76.64
11/13/2019 16:00:00,77.57
11/14/2019 16:00:00,77.65
11/15/2019 16:00:00,77.54
11/18/2019 16:00:00,77.11
11/19/2019 16:00:00,77.83
11/20/2019 16:00:00,78.87
11/21/2019 16:00:00,77.91
11/22/2019 16:00:00,79.59
11/25/2019 16:00:00,79.08
11/26/2019 16:00:00,80.22
11/27/2019 16:00:00,81.12
11/28/2019 16:00:00,82.1
11/29/2019 16:00:00,81.28
12/02/2019 16:00,82.36
12/03/2019 16:00,79.8
12/04/2019 16:00,81
12/05/2019 16:00,81.5
12/06/2019 16:00,82.3
12/09/2019 16:00,81.8
12/10/2019 16:00,80.94
12/11/2019 16:00,80.11
12/12/2019 16:00,78.88
12/13/2019 16:00:00,79.34
12/16/2019 16:00:00,81.05
12/17/2019 16:00:00,81.1
12/18/2019 16:00:00,81.36
12/19/2019 16:00:00,81.23
12/20/2019 16:00:00,80.47
12/23/2019 16:00:00,83.23
12/24/2019 14:10:00,81.47
12/27/2019 16:00:00,81.61
12/30/2019 16:00:00,81.94
12/31/2019 14:10:00,80
