Date,UNH
1/02/2015 16:00,100.78
1/05/2015 16:00,99.12
1/06/2015 16:00,98.92
1/07/2015 16:00,99.93
1/08/2015 16:00,104.7
1/09/2015 16:00,103.72
1/12/2015 16:00,102.55
1/13/2015 16:00:00,103.07
1/14/2015 16:00:00,103.33
1/15/2015 16:00:00,104.46
1/16/2015 16:00:00,105.77
1/20/2015 16:00:00,105.62
1/21/2015 16:00:00,109.32
1/22/2015 16:00:00,113.85
1/23/2015 16:00:00,112
1/26/2015 16:00:00,111.61
1/27/2015 16:00:00,110.01
1/28/2015 16:00:00,108.46
1/29/2015 16:00:00,109.39
1/30/2015 16:00:00,106.25
2/02/2015 16:00,107.29
2/03/2015 16:00,107.81
2/04/2015 16:00,107.92
2/05/2015 16:00,108.82
2/06/2015 16:00,107.6
2/09/2015 16:00,106.49
2/10/2015 16:00,108.97
2/11/2015 16:00,109.85
2/12/2015 16:00,109.84
2/13/2015 16:00:00,109.44
2/17/2015 16:00:00,109.76
2/18/2015 16:00:00,109.77
2/19/2015 16:00:00,110.03
2/20/2015 16:00:00,112.62
2/23/2015 16:00:00,116.4
2/24/2015 16:00:00,115.43
2/25/2015 16:00:00,114.05
2/26/2015 16:00:00,113.66
2/27/2015 16:00:00,113.63
3/02/2015 16:00,114.4
3/03/2015 16:00,112.86
3/04/2015 16:00,113.82
3/05/2015 16:00,114.79
3/06/2015 16:00,112.88
3/09/2015 16:00,114.9
3/10/2015 16:00,112.46
3/11/2015 16:00,112.72
3/12/2015 16:00,114.88
3/13/2015 16:00:00,115.25
3/16/2015 16:00:00,118.52
3/17/2015 16:00:00,117.6
3/18/2015 16:00:00,119.96
3/19/2015 16:00:00,120.76
3/20/2015 16:00:00,119.14
3/23/2015 16:00:00,119.04
3/24/2015 16:00:00,118.12
3/25/2015 16:00:00,116.54
3/26/2015 16:00:00,116.25
3/27/2015 16:00:00,118.01
3/30/2015 16:00:00,121
3/31/2015 16:00:00,118.29
4/01/2015 16:00,117.45
4/02/2015 16:00,117.36
4/06/2015 16:00,117.7
4/07/2015 16:00,117.35
4/08/2015 16:00,118.19
4/09/2015 16:00,118.55
4/10/2015 16:00,119
4/13/2015 16:00:00,119.37
4/14/2015 16:00:00,119.92
4/15/2015 16:00:00,117.32
4/16/2015 16:00:00,121.6
4/17/2015 16:00:00,118.71
4/20/2015 16:00:00,118.58
4/21/2015 16:00:00,119.28
4/22/2015 16:00:00,117.81
4/23/2015 16:00:00,118.26
4/24/2015 16:00:00,118.69
4/27/2015 16:00:00,116.24
4/28/2015 16:00:00,117.59
4/29/2015 16:00:00,113.61
4/30/2015 16:00:00,111.4
5/01/2015 16:00,113.2
5/04/2015 16:00,114.56
5/05/2015 16:00,113.37
5/06/2015 16:00,113.49
5/07/2015 16:00,114.76
5/08/2015 16:00,115.68
5/11/2015 16:00,114.77
5/12/2015 16:00,114.64
5/13/2015 16:00:00,115.86
5/14/2015 16:00:00,118.53
5/15/2015 16:00:00,119.33
5/18/2015 16:00:00,119.8
5/19/2015 16:00:00,120.55
5/20/2015 16:00:00,121.24
5/21/2015 16:00:00,120.46
5/22/2015 16:00:00,119.59
5/26/2015 16:00:00,118.24
5/27/2015 16:00:00,119.45
5/28/2015 16:00:00,119.62
5/29/2015 16:00:00,120.21
6/01/2015 16:00,119.86
6/02/2015 16:00,117.75
6/03/2015 16:00,118.35
6/04/2015 16:00,116.65
6/05/2015 16:00,116.53
6/08/2015 16:00,116.91
6/09/2015 16:00,116.99
6/10/2015 16:00,118.55
6/11/2015 16:00,119.32
6/12/2015 16:00,117.65
6/15/2015 16:00:00,118.98
6/16/2015 16:00:00,121.55
6/17/2015 16:00:00,119.74
6/18/2015 16:00:00,120.89
6/19/2015 16:00:00,120.33
6/22/2015 16:00:00,120.25
6/23/2015 16:00:00,122.74
6/24/2015 16:00:00,119.17
6/25/2015 16:00:00,122.33
6/26/2015 16:00:00,123.25
6/29/2015 16:00:00,121.19
6/30/2015 16:00:00,122
7/01/2015 16:00,123.38
7/02/2015 16:00,121.81
7/06/2015 16:00,122.16
7/07/2015 16:00,120.7
7/08/2015 16:00,118.78
7/09/2015 16:00,119.34
7/10/2015 16:00,122.15
7/13/2015 16:00:00,122.45
7/14/2015 16:00:00,125
7/15/2015 16:00:00,125.86
7/16/2015 16:00:00,124.93
7/17/2015 16:00:00,123.85
7/20/2015 16:00:00,122.65
7/21/2015 16:00:00,120.86
7/22/2015 16:00:00,120.61
7/23/2015 16:00:00,119.33
7/24/2015 16:00:00,117.94
7/27/2015 16:00:00,117.88
7/28/2015 16:00:00,121.52
7/29/2015 16:00:00,121.52
7/30/2015 16:00:00,120.56
7/31/2015 16:00:00,121.4
8/03/2015 16:00,120.89
8/04/2015 16:00,120.84
8/05/2015 16:00,123.92
8/06/2015 16:00,122.04
8/07/2015 16:00,121.82
8/10/2015 16:00,122.48
8/11/2015 16:00,122.26
8/12/2015 16:00,121.2
8/13/2015 16:00:00,120.52
8/14/2015 16:00:00,121.02
8/17/2015 16:00:00,123.82
8/18/2015 16:00:00,125.5
8/19/2015 16:00:00,123.22
8/20/2015 16:00:00,119.79
8/21/2015 16:00:00,116.28
8/24/2015 16:00:00,110.43
8/25/2015 16:00:00,109.98
8/26/2015 16:00:00,113.46
8/27/2015 16:00:00,117.77
8/28/2015 16:00:00,117.28
8/31/2015 16:00:00,115.7
9/01/2015 16:00,112.63
9/02/2015 16:00,114.23
9/03/2015 16:00,113.99
9/04/2015 16:00,112.36
9/08/2015 16:00,116.09
9/09/2015 16:00,115.08
9/10/2015 16:00,116.77
9/11/2015 16:00,118.7
9/14/2015 16:00:00,117.8
9/15/2015 16:00:00,120.03
9/16/2015 16:00:00,121.15
9/17/2015 16:00:00,123.26
9/18/2015 16:00:00,122.47
9/21/2015 16:00:00,123.94
9/22/2015 16:00:00,122.93
9/23/2015 16:00:00,123.28
9/24/2015 16:00:00,121.09
9/25/2015 16:00:00,116.37
9/28/2015 16:00:00,112.7
9/29/2015 16:00:00,114.22
9/30/2015 16:00:00,116.01
10/01/2015 16:00,116.61
10/02/2015 16:00,118.83
10/05/2015 16:00,119.65
10/06/2015 16:00,116.05
10/07/2015 16:00,116.43
10/08/2015 16:00,116.08
10/09/2015 16:00,119.27
10/12/2015 16:00,122.51
10/13/2015 16:00:00,123.99
10/14/2015 16:00:00,122.07
10/15/2015 16:00:00,120.17
10/16/2015 16:00:00,119.98
10/19/2015 16:00:00,120.73
10/20/2015 16:00:00,120.42
10/21/2015 16:00:00,118.11
10/22/2015 16:00:00,113.81
10/23/2015 16:00:00,115.92
10/26/2015 16:00:00,116.53
10/27/2015 16:00:00,119.37
10/28/2015 16:00:00,119.78
10/29/2015 16:00:00,119.71
10/30/2015 16:00:00,117.78
11/02/2015 16:00,118.69
11/03/2015 16:00,117.66
11/04/2015 16:00,114.64
11/05/2015 16:00,116.23
11/06/2015 16:00,114.81
11/09/2015 16:00,114.26
11/10/2015 16:00,115.89
11/11/2015 16:00,114.54
11/12/2015 16:00,112.82
11/13/2015 16:00:00,111.41
11/16/2015 16:00:00,113.82
11/17/2015 16:00:00,114.39
11/18/2015 16:00:00,117.25
11/19/2015 16:00:00,110.63
11/20/2015 16:00:00,112.97
11/23/2015 16:00:00,112.16
11/24/2015 16:00:00,113.19
11/25/2015 16:00:00,114.41
11/27/2015 16:00:00,114.34
11/30/2015 16:00:00,112.71
12/01/2015 16:00,116.26
12/02/2015 16:00,117.64
12/03/2015 16:00,115
12/04/2015 16:00,117.74
12/07/2015 16:00,115.91
12/08/2015 16:00,115.88
12/09/2015 16:00,115.05
12/10/2015 16:00,116.21
12/11/2015 16:00,115.98
12/14/2015 16:00:00,115.85
12/15/2015 16:00:00,117.61
12/16/2015 16:00:00,118.83
12/17/2015 16:00:00,119.22
12/18/2015 16:00:00,115.82
12/21/2015 16:00:00,117.41
12/22/2015 16:00:00,117.44
12/23/2015 16:00:00,118.69
12/24/2015 16:00:00,118.34
12/28/2015 16:00:00,118.33
12/29/2015 16:00:00,119.82
12/30/2015 16:00:00,118.92
12/31/2015 16:00:00,117.64
1/04/2016 16:00,116.46
1/05/2016 16:00,116.68
1/06/2016 16:00,115.49
1/07/2016 16:00,112.09
1/08/2016 16:00,110.16
1/11/2016 16:00,109.58
1/12/2016 16:00,112.26
1/13/2016 16:00:00,109.23
1/14/2016 16:00:00,110.76
1/15/2016 16:00:00,109.27
1/19/2016 16:00:00,112.58
1/20/2016 16:00:00,114.79
1/21/2016 16:00:00,113.5
1/22/2016 16:00:00,114.33
1/25/2016 16:00:00,113.38
1/26/2016 16:00:00,113.96
1/27/2016 16:00:00,112.33
1/28/2016 16:00:00,111.38
1/29/2016 16:00:00,115.16
2/01/2016 16:00,115.89
2/02/2016 16:00,113.88
2/03/2016 16:00,112.75
2/04/2016 16:00,114.2
2/05/2016 16:00,111.72
2/08/2016 16:00,110.02
2/09/2016 16:00,111.16
2/10/2016 16:00,112.74
2/11/2016 16:00,110.62
2/12/2016 16:00,111.82
2/16/2016 16:00:00,115.15
2/17/2016 16:00:00,118.3
2/18/2016 16:00:00,117.45
2/19/2016 16:00:00,117.68
2/22/2016 16:00:00,121.27
2/23/2016 16:00:00,121.15
2/24/2016 16:00:00,120.2
2/25/2016 16:00:00,121.2
2/26/2016 16:00:00,121.33
2/29/2016 16:00:00,119.1
3/01/2016 16:00,121.67
3/02/2016 16:00,121.27
3/03/2016 16:00,121.82
3/04/2016 16:00,121.8
3/07/2016 16:00,121.76
3/08/2016 16:00,121.66
3/09/2016 16:00,121.1
3/10/2016 16:00,122.09
3/11/2016 16:00,125.1
3/14/2016 16:00:00,125.22
3/15/2016 16:00:00,124.85
3/16/2016 16:00:00,124.9
3/17/2016 16:00:00,124.53
3/18/2016 16:00:00,126.72
3/21/2016 16:00:00,126.74
3/22/2016 16:00:00,128.02
3/23/2016 16:00:00,129.79
3/24/2016 16:00:00,128.59
3/28/2016 16:00:00,128.92
3/29/2016 16:00:00,129.83
3/30/2016 16:00:00,129.68
3/31/2016 16:00:00,128.9
4/01/2016 16:00,129.92
4/04/2016 16:00,129.49
4/05/2016 16:00,127.04
4/06/2016 16:00,128.03
4/07/2016 16:00,126.87
4/08/2016 16:00,125.68
4/11/2016 16:00,126.33
4/12/2016 16:00,126.8
4/13/2016 16:00:00,127.76
4/14/2016 16:00:00,127.98
4/15/2016 16:00:00,127.33
4/18/2016 16:00:00,127.81
4/19/2016 16:00:00,130.5
4/20/2016 16:00:00,133.93
4/21/2016 16:00:00,132.96
4/22/2016 16:00:00,134.13
4/25/2016 16:00:00,133.78
4/26/2016 16:00:00,134.24
4/27/2016 16:00:00,132.8
4/28/2016 16:00:00,132.07
4/29/2016 16:00:00,131.68
5/02/2016 16:00,132.1
5/03/2016 16:00,132.46
5/04/2016 16:00,132.03
5/05/2016 16:00,132.31
5/06/2016 16:00,132.04
5/09/2016 16:00,132.67
5/10/2016 16:00,133.57
5/11/2016 16:00,130.69
5/12/2016 16:00,129.74
5/13/2016 16:00:00,129
5/16/2016 16:00:00,130.64
5/17/2016 16:00:00,129.56
5/18/2016 16:00:00,130.51
5/19/2016 16:00:00,130
5/20/2016 16:00:00,130.94
5/23/2016 16:00:00,130.42
5/24/2016 16:00:00,132.59
5/25/2016 16:00:00,133.42
5/26/2016 16:00:00,132.98
5/27/2016 16:00:00,134
5/31/2016 16:00:00,133.67
6/01/2016 16:00,134.53
6/02/2016 16:00,136.04
6/03/2016 16:00,136.84
6/06/2016 16:00,138.15
6/07/2016 16:00,136.94
6/08/2016 16:00,140.4
6/09/2016 16:00,140.68
6/10/2016 16:00,139.24
6/13/2016 16:00:00,138.09
6/14/2016 16:00:00,137.87
6/15/2016 16:00:00,137.26
6/16/2016 16:00:00,138.66
6/17/2016 16:00:00,137.69
6/20/2016 16:00:00,138.52
6/21/2016 16:00:00,138.19
6/22/2016 16:00:00,137.9
6/23/2016 16:00:00,139.19
6/24/2016 16:00:00,137.29
6/27/2016 16:00:00,137.11
6/28/2016 16:00:00,138.71
6/29/2016 16:00:00,140.52
6/30/2016 16:00:00,141.2
7/01/2016 16:00,140.86
7/05/2016 16:00,141.56
7/06/2016 16:00,142.38
7/07/2016 16:00,140.8
7/08/2016 16:00,141.27
7/11/2016 16:00,140.32
7/12/2016 16:00,139.86
7/13/2016 16:00:00,141.48
7/14/2016 16:00:00,140.84
7/15/2016 16:00:00,141.33
7/18/2016 16:00:00,140.75
7/19/2016 16:00:00,142.59
7/20/2016 16:00:00,143.02
7/21/2016 16:00:00,142.87
7/22/2016 16:00:00,143.69
7/25/2016 16:00:00,141.73
7/26/2016 16:00:00,141.7
7/27/2016 16:00:00,141.68
7/28/2016 16:00:00,142.76
7/29/2016 16:00:00,143.2
8/01/2016 16:00,143.51
8/02/2016 16:00,143.17
8/03/2016 16:00,142.88
8/04/2016 16:00,142.71
8/05/2016 16:00,142.99
8/08/2016 16:00,142.13
8/09/2016 16:00,141.82
8/10/2016 16:00,142.19
8/11/2016 16:00,142.63
8/12/2016 16:00,142.88
8/15/2016 16:00:00,141.62
8/16/2016 16:00:00,141.08
8/17/2016 16:00:00,141.71
8/18/2016 16:00:00,142.17
8/19/2016 16:00:00,142.04
8/22/2016 16:00:00,142.09
8/23/2016 16:00:00,142.01
8/24/2016 16:00:00,139.87
8/25/2016 16:00:00,137.3
8/26/2016 16:00:00,136.62
8/29/2016 16:00:00,137.27
8/30/2016 16:00:00,136.87
8/31/2016 16:00:00,136.05
9/01/2016 16:00,135.74
9/02/2016 16:00,136.61
9/06/2016 16:00,135.97
9/07/2016 16:00,134.99
9/08/2016 16:00,135.44
9/09/2016 16:00,133.62
9/12/2016 16:00,135.53
9/13/2016 16:00:00,133.95
9/14/2016 16:00:00,133.69
9/15/2016 16:00:00,135.61
9/16/2016 16:00:00,138.47
9/19/2016 16:00:00,137.68
9/20/2016 16:00:00,137.47
9/21/2016 16:00:00,139.91
9/22/2016 16:00:00,141.04
9/23/2016 16:00:00,140.51
9/26/2016 16:00:00,139.72
9/27/2016 16:00:00,140.79
9/28/2016 16:00:00,140.41
9/29/2016 16:00:00,138.32
9/30/2016 16:00:00,140
10/03/2016 16:00,138.49
10/04/2016 16:00,138.16
10/05/2016 16:00,137.6
10/06/2016 16:00,136.47
10/07/2016 16:00,136.66
10/10/2016 16:00,138.08
10/11/2016 16:00,134.75
10/12/2016 16:00,135.1
10/13/2016 16:00:00,134.19
10/14/2016 16:00:00,133.92
10/17/2016 16:00:00,134.13
10/18/2016 16:00:00,143.39
10/19/2016 16:00:00,144.37
10/20/2016 16:00:00,145.07
10/21/2016 16:00:00,145.37
10/24/2016 16:00:00,144.69
10/25/2016 16:00:00,143.78
10/26/2016 16:00:00,142.23
10/27/2016 16:00:00,141.94
10/28/2016 16:00:00,140.35
10/31/2016 16:00:00,141.33
11/01/2016 16:00,139.43
11/02/2016 16:00,138.98
11/03/2016 16:00,137.83
11/04/2016 16:00,137.71
11/07/2016 16:00,141.93
11/08/2016 16:00,142.9
11/09/2016 16:00,141.9
11/10/2016 16:00,146.13
11/11/2016 16:00,146.42
11/14/2016 16:00:00,152.28
11/15/2016 16:00:00,152.23
11/16/2016 16:00:00,151.5
11/17/2016 16:00:00,150.77
11/18/2016 16:00:00,149.45
11/21/2016 16:00:00,150.41
11/22/2016 16:00:00,152.26
11/23/2016 16:00:00,153.54
11/25/2016 16:00:00,152.81
11/28/2016 16:00:00,152.11
11/29/2016 16:00:00,157.59
11/30/2016 16:00:00,158.32
12/01/2016 16:00,160.94
12/02/2016 16:00,160.73
12/05/2016 16:00,157.63
12/06/2016 16:00,157.32
12/07/2016 16:00,159.4
12/08/2016 16:00,159.32
12/09/2016 16:00,160.12
12/12/2016 16:00,159.49
12/13/2016 16:00:00,160.54
12/14/2016 16:00:00,159.86
12/15/2016 16:00:00,160.62
12/16/2016 16:00:00,163.94
12/19/2016 16:00:00,161.54
12/20/2016 16:00:00,161.59
12/21/2016 16:00:00,161.33
12/22/2016 16:00:00,161.58
12/23/2016 16:00:00,163.03
12/27/2016 16:00:00,162.64
12/28/2016 16:00:00,161.44
12/29/2016 16:00:00,161.04
12/30/2016 16:00:00,160.04
1/03/2017 16:00,161.45
1/04/2017 16:00,161.91
1/05/2017 16:00,162.18
1/06/2017 16:00,162.41
1/09/2017 16:00,161.95
1/10/2017 16:00,161.58
1/11/2017 16:00,161.89
1/12/2017 16:00,162.36
1/13/2017 16:00:00,161.8
1/17/2017 16:00:00,160.66
1/18/2017 16:00:00,157.74
1/19/2017 16:00:00,158.7
1/20/2017 16:00:00,158.66
1/23/2017 16:00:00,159.07
1/24/2017 16:00:00,160.43
1/25/2017 16:00:00,161.24
1/26/2017 16:00:00,162.75
1/27/2017 16:00:00,162.99
1/30/2017 16:00:00,162.09
1/31/2017 16:00:00,162.1
2/01/2017 16:00,162.71
2/02/2017 16:00,160.76
2/03/2017 16:00,161.87
2/06/2017 16:00,160.51
2/07/2017 16:00,160.53
2/08/2017 16:00,160.31
2/09/2017 16:00,160.44
2/10/2017 16:00,160.75
2/13/2017 16:00:00,161.99
2/14/2017 16:00:00,163.13
2/15/2017 16:00:00,164.29
2/16/2017 16:00:00,163.65
2/17/2017 16:00:00,157.62
2/21/2017 16:00:00,160.57
2/22/2017 16:00:00,160.57
2/23/2017 16:00:00,162.6
2/24/2017 16:00:00,163.06
2/27/2017 16:00:00,165.38
2/28/2017 16:00:00,165.38
3/01/2017 16:00,167.94
3/02/2017 16:00,167.31
3/03/2017 16:00,168.2
3/06/2017 16:00,168.7
3/07/2017 16:00,168.3
3/08/2017 16:00,167.91
3/09/2017 16:00,168.01
3/10/2017 16:00,169.98
3/13/2017 16:00:00,170.21
3/14/2017 16:00:00,169.06
3/15/2017 16:00:00,171.78
3/16/2017 16:00:00,171.3
3/17/2017 16:00:00,169.7
3/20/2017 16:00:00,168
3/21/2017 16:00:00,167.7
3/22/2017 16:00:00,167.03
3/23/2017 16:00:00,165.29
3/24/2017 16:00:00,165
3/27/2017 16:00:00,164.6
3/28/2017 16:00:00,165.35
3/29/2017 16:00:00,163.44
3/30/2017 16:00:00,164.99
3/31/2017 16:00:00,164.01
4/03/2017 16:00,165.59
4/04/2017 16:00,164.97
4/05/2017 16:00,165.37
4/06/2017 16:00,165.34
4/07/2017 16:00,166.02
4/10/2017 16:00,165.48
4/11/2017 16:00,165.83
4/12/2017 16:00,165.56
4/13/2017 16:00:00,164.96
4/17/2017 16:00:00,167.18
4/18/2017 16:00:00,168.59
4/19/2017 16:00:00,169.25
4/20/2017 16:00:00,171.54
4/21/2017 16:00:00,171.16
4/24/2017 16:00:00,172.33
4/25/2017 16:00:00,174.04
4/26/2017 16:00:00,174.38
4/27/2017 16:00:00,174.63
4/28/2017 16:00:00,174.88
5/01/2017 16:00,174.59
5/02/2017 16:00,174.14
5/03/2017 16:00,172.54
5/04/2017 16:00,174.02
5/05/2017 16:00,174.12
5/08/2017 16:00,174.44
5/09/2017 16:00,173.24
5/10/2017 16:00,173.39
5/11/2017 16:00,173.32
5/12/2017 16:00,171.81
5/15/2017 16:00:00,171.53
5/16/2017 16:00:00,168.12
5/17/2017 16:00:00,168.86
5/18/2017 16:00:00,171.45
5/19/2017 16:00:00,172.59
5/22/2017 16:00:00,174.7
5/23/2017 16:00:00,175.22
5/24/2017 16:00:00,175.59
5/25/2017 16:00:00,178.05
5/26/2017 16:00:00,177.5
5/30/2017 16:00:00,176.59
5/31/2017 16:00:00,175.18
6/01/2017 16:00,179.58
6/02/2017 16:00,179.39
6/05/2017 16:00,179.37
6/06/2017 16:00,180.82
6/07/2017 16:00,183.21
6/08/2017 16:00,181.69
6/09/2017 16:00,181.46
6/12/2017 16:00,179.25
6/13/2017 16:00:00,181.05
6/14/2017 16:00:00,182.36
6/15/2017 16:00:00,180.38
6/16/2017 16:00:00,181.63
6/19/2017 16:00:00,183.02
6/20/2017 16:00:00,183.27
6/21/2017 16:00:00,184.92
6/22/2017 16:00:00,186.5
6/23/2017 16:00:00,185.25
6/26/2017 16:00:00,185.12
6/27/2017 16:00:00,184.6
6/28/2017 16:00:00,185.7
6/29/2017 16:00:00,185.27
6/30/2017 16:00:00,185.42
7/03/2017 16:00,186.65
7/05/2017 16:00,188.25
7/06/2017 16:00,186.94
7/07/2017 16:00,187.96
7/10/2017 16:00,186.95
7/11/2017 16:00,185.95
7/12/2017 16:00,186.69
7/13/2017 16:00:00,185.48
7/14/2017 16:00:00,186.9
7/17/2017 16:00:00,186.35
7/18/2017 16:00:00,186.85
7/19/2017 16:00:00,189.19
7/20/2017 16:00:00,191.5
7/21/2017 16:00:00,191.78
7/24/2017 16:00:00,190.89
7/25/2017 16:00:00,190.4
7/26/2017 16:00:00,190.75
7/27/2017 16:00:00,188.93
7/28/2017 16:00:00,191.15
7/31/2017 16:00:00,191.81
8/01/2017 16:00,192.23
8/02/2017 16:00,193
8/03/2017 16:00,194.77
8/04/2017 16:00,194.88
8/07/2017 16:00,194.78
8/08/2017 16:00,194.9
8/09/2017 16:00,194.83
8/10/2017 16:00,192.57
8/11/2017 16:00,193.02
8/14/2017 16:00:00,193.71
8/15/2017 16:00:00,194.5
8/16/2017 16:00:00,193.77
8/17/2017 16:00:00,192.7
8/18/2017 16:00:00,190.82
8/21/2017 16:00:00,192.03
8/22/2017 16:00:00,194.79
8/23/2017 16:00:00,194.24
8/24/2017 16:00:00,194.75
8/25/2017 16:00:00,194.36
8/28/2017 16:00:00,195.09
8/29/2017 16:00:00,196.73
8/30/2017 16:00:00,195.88
8/31/2017 16:00:00,198.9
9/01/2017 16:00,199.75
9/05/2017 16:00,199.31
9/06/2017 16:00,198.38
9/07/2017 16:00,198.17
9/08/2017 16:00,197.75
9/11/2017 16:00,199.58
9/12/2017 16:00,197.47
9/13/2017 16:00:00,198.33
9/14/2017 16:00:00,197.73
9/15/2017 16:00:00,198.18
9/18/2017 16:00:00,198.19
9/19/2017 16:00:00,194.65
9/20/2017 16:00:00,195.75
9/21/2017 16:00:00,195.21
9/22/2017 16:00:00,193.03
9/25/2017 16:00:00,191.75
9/26/2017 16:00:00,192.7
9/27/2017 16:00:00,194.49
9/28/2017 16:00:00,196.1
9/29/2017 16:00:00,195.85
10/02/2017 16:00,197.44
10/03/2017 16:00,198.63
10/04/2017 16:00,200.48
10/05/2017 16:00,197.9
10/06/2017 16:00,198.06
10/09/2017 16:00,196.3
10/10/2017 16:00,194.68
10/11/2017 16:00,195.26
10/12/2017 16:00,192.92
10/13/2017 16:00:00,192.52
10/16/2017 16:00:00,193.2
10/17/2017 16:00:00,203.89
10/18/2017 16:00:00,205.23
10/19/2017 16:00:00,203.25
10/20/2017 16:00:00,207.49
10/23/2017 16:00:00,207.01
10/24/2017 16:00:00,208.15
10/25/2017 16:00:00,207.56
10/26/2017 16:00:00,209.15
10/27/2017 16:00:00,212.6
10/30/2017 16:00:00,209.39
10/31/2017 16:00:00,210.22
11/01/2017 16:00,209.53
11/02/2017 16:00,211.1
11/03/2017 16:00,212.87
11/06/2017 16:00,212.12
11/07/2017 16:00,212.7
11/08/2017 16:00,210.77
11/09/2017 16:00,211.56
11/10/2017 16:00,211.07
11/13/2017 16:00:00,212.66
11/14/2017 16:00:00,211.71
11/15/2017 16:00:00,209.86
11/16/2017 16:00:00,211.13
11/17/2017 16:00:00,209.9
11/20/2017 16:00:00,210.25
11/21/2017 16:00:00,212.6
11/22/2017 16:00:00,211.22
11/24/2017 13:00:00,212.51
11/27/2017 16:00:00,212.4
11/28/2017 16:00:00,216.14
11/29/2017 16:00:00,222.88
11/30/2017 16:00:00,228.17
12/01/2017 16:00,226.78
12/04/2017 16:00,221.42
12/05/2017 16:00,220.09
12/06/2017 16:00,219.94
12/07/2017 16:00,220.15
12/08/2017 16:00,223.91
12/11/2017 16:00,222.77
12/12/2017 16:00,222.49
12/13/2017 16:00:00,224.35
12/14/2017 16:00:00,221.25
12/15/2017 16:00:00,221.82
12/18/2017 16:00:00,222.67
12/19/2017 16:00:00,222.04
12/20/2017 16:00:00,222.38
12/21/2017 16:00:00,221.69
12/22/2017 16:00:00,220
12/26/2017 16:00:00,219.6
12/27/2017 16:00:00,220.42
12/28/2017 16:00:00,222.77
12/29/2017 16:00:00,220.46
1/02/2018 16:00,221.16
1/03/2018 16:00,223.48
1/04/2018 16:00,224.45
1/05/2018 16:00,228.73
1/08/2018 16:00,224.76
1/09/2018 16:00,225.88
1/10/2018 16:00,224.2
1/11/2018 16:00,225.39
1/12/2018 16:00,228.64
1/16/2018 16:00:00,232.9
1/17/2018 16:00:00,238.43
1/18/2018 16:00:00,243.16
1/19/2018 16:00:00,243.35
1/22/2018 16:00:00,243.56
1/23/2018 16:00:00,245.21
1/24/2018 16:00:00,244.85
1/25/2018 16:00:00,245.18
1/26/2018 16:00:00,248.47
1/29/2018 16:00:00,247.41
1/30/2018 16:00:00,236.65
1/31/2018 16:00:00,236.78
2/01/2018 16:00,235.22
2/02/2018 16:00,231.88
2/05/2018 16:00,220.02
2/06/2018 16:00,225.18
2/07/2018 16:00,225.82
2/08/2018 16:00,216.46
2/09/2018 16:00,220.96
2/12/2018 16:00,225.69
2/13/2018 16:00:00,226.64
2/14/2018 16:00:00,228.78
2/15/2018 16:00:00,226.02
2/16/2018 16:00:00,229.37
2/20/2018 16:00:00,226.66
2/21/2018 16:00:00,225.13
2/22/2018 16:00:00,227.09
2/23/2018 16:00:00,230.16
2/26/2018 16:00:00,234.06
2/27/2018 16:00:00,232.52
2/28/2018 16:00:00,226.16
3/01/2018 16:00,224.45
3/02/2018 16:00,225.19
3/05/2018 16:00,228.38
3/06/2018 16:00,226.18
3/07/2018 16:00,227.27
3/08/2018 16:00,224.73
3/09/2018 16:00,225.43
3/12/2018 16:00,222.77
3/13/2018 16:00:00,226.94
3/14/2018 16:00:00,225.38
3/15/2018 16:00:00,229.48
3/16/2018 16:00:00,227.86
3/19/2018 16:00:00,225.05
3/20/2018 16:00:00,226.78
3/21/2018 16:00:00,222.82
3/22/2018 16:00:00,215.21
3/23/2018 16:00:00,212.55
3/26/2018 16:00:00,219.07
3/27/2018 16:00:00,217.96
3/28/2018 16:00:00,218.5
3/29/2018 16:00:00,214
4/02/2018 16:00,217.2
4/03/2018 16:00,224.58
4/04/2018 16:00,228.79
4/05/2018 16:00,229.07
4/06/2018 16:00,223.96
4/09/2018 16:00,222.73
4/10/2018 16:00,226.79
4/11/2018 16:00,221.9
4/12/2018 16:00,224.24
4/13/2018 16:00:00,224.28
4/16/2018 16:00:00,230.32
4/17/2018 16:00:00,238.55
4/18/2018 16:00:00,236.4
4/19/2018 16:00:00,235.76
4/20/2018 16:00:00,235.06
4/23/2018 16:00:00,234.34
4/24/2018 16:00:00,234.22
4/25/2018 16:00:00,234.9
4/26/2018 16:00:00,237.03
4/27/2018 16:00:00,240.18
4/30/2018 16:00:00,236.4
5/01/2018 16:00,236.85
5/02/2018 16:00,233.46
5/03/2018 16:00,234.15
5/04/2018 16:00,235.9
5/07/2018 16:00,233.78
5/08/2018 16:00,232.03
5/09/2018 16:00,229.21
5/10/2018 16:00,233.71
5/11/2018 16:00,238.28
5/14/2018 16:00:00,242.9
5/15/2018 16:00:00,239.5
5/16/2018 16:00:00,241.72
5/17/2018 16:00:00,242.96
5/18/2018 16:00:00,244.64
5/21/2018 16:00:00,247.9
5/22/2018 16:00:00,245.18
5/23/2018 16:00:00,244.26
5/24/2018 16:00:00,242.73
5/25/2018 16:00:00,244.95
5/29/2018 16:00:00,242.17
5/30/2018 16:00:00,244.94
5/31/2018 16:00:00,241.51
6/01/2018 16:00,243.35
6/04/2018 16:00,244.63
6/05/2018 16:00,244.43
6/06/2018 16:00,248.65
6/07/2018 16:00,248.98
6/08/2018 16:00,250.68
6/11/2018 16:00,253.78
6/12/2018 16:00,253.58
6/13/2018 16:00:00,252.87
6/14/2018 16:00:00,255.33
6/15/2018 16:00:00,255.98
6/18/2018 16:00:00,254.87
6/19/2018 16:00:00,253.02
6/20/2018 16:00:00,252.81
6/21/2018 16:00:00,251.89
6/22/2018 16:00:00,254.37
6/25/2018 16:00:00,250.71
6/26/2018 16:00:00,249.77
6/27/2018 16:00:00,248.17
6/28/2018 16:00:00,244.9
6/29/2018 16:00:00,245.34
7/02/2018 16:00,247.48
7/03/2018 13:00,246.98
7/05/2018 16:00,250.5
7/06/2018 16:00,250.76
7/09/2018 16:00,253.67
7/10/2018 16:00,255.54
7/11/2018 16:00,254.59
7/12/2018 16:00,256.05
7/13/2018 16:00:00,258.7
7/16/2018 16:00:00,256.98
7/17/2018 16:00:00,250.29
7/18/2018 16:00:00,255.42
7/19/2018 16:00:00,252.93
7/20/2018 16:00:00,252.7
7/23/2018 16:00:00,252.74
7/24/2018 16:00:00,253.76
7/25/2018 16:00:00,254.86
7/26/2018 16:00:00,257
7/27/2018 16:00:00,255.95
7/30/2018 16:00:00,253.84
7/31/2018 16:00:00,253.22
8/01/2018 16:00,253.37
8/02/2018 16:00,256.08
8/03/2018 16:00,257.22
8/06/2018 16:00,256.76
8/07/2018 16:00,257.65
8/08/2018 16:00,258.81
8/09/2018 16:00,261.59
8/10/2018 16:00,260.36
8/13/2018 16:00:00,260.91
8/14/2018 16:00:00,263.48
8/15/2018 16:00:00,260.61
8/16/2018 16:00:00,263.1
8/17/2018 16:00:00,262.33
8/20/2018 16:00:00,262.4
8/21/2018 16:00:00,261.69
8/22/2018 16:00:00,260.74
8/23/2018 16:00:00,261.42
8/24/2018 16:00:00,264.28
8/27/2018 16:00:00,267.08
8/28/2018 16:00:00,268.51
8/29/2018 16:00:00,269
8/30/2018 16:00:00,268.39
8/31/2018 16:00:00,268.46
9/04/2018 16:00,268.51
9/05/2018 16:00,267.64
9/06/2018 16:00,269.65
9/07/2018 16:00,268.28
9/10/2018 16:00,259.73
9/11/2018 16:00,261.04
9/12/2018 16:00,262.67
9/13/2018 16:00:00,265.49
9/14/2018 16:00:00,265.31
9/17/2018 16:00:00,263.87
9/18/2018 16:00:00,263.29
9/19/2018 16:00:00,265.33
9/20/2018 16:00:00,266.39
9/21/2018 16:00:00,266.67
9/24/2018 16:00:00,267.36
9/25/2018 16:00:00,263.51
9/26/2018 16:00:00,262.91
9/27/2018 16:00:00,264.65
9/28/2018 16:00:00,266.04
10/01/2018 16:00,269.1
10/02/2018 16:00,270.63
10/03/2018 16:00,270.9
10/04/2018 16:00,268.32
10/05/2018 16:00,269.2
10/08/2018 16:00,269.01
10/09/2018 16:00,270.11
10/10/2018 16:00,263.08
10/11/2018 16:00,257.12
10/12/2018 16:00,259.61
10/15/2018 16:00:00,260.25
10/16/2018 16:00:00,272.57
10/17/2018 16:00:00,267.3
10/18/2018 16:00:00,266.81
10/19/2018 16:00:00,265.3
10/22/2018 16:00:00,262.19
10/23/2018 16:00:00,264.86
10/24/2018 16:00:00,256.32
10/25/2018 16:00:00,264.24
10/26/2018 16:00:00,258.18
10/29/2018 16:00:00,256.52
10/30/2018 16:00:00,258.28
10/31/2018 16:00:00,261.35
11/01/2018 16:00,260.93
11/02/2018 16:00,261.01
11/05/2018 16:00,261.01
11/06/2018 16:00,263.54
11/07/2018 16:00,274.63
11/08/2018 16:00,276.65
11/09/2018 16:00,276.55
11/12/2018 16:00,272.38
11/13/2018 16:00:00,269.22
11/14/2018 16:00:00,264.96
11/15/2018 16:00:00,264.94
11/16/2018 16:00:00,271.11
11/19/2018 16:00:00,266.05
11/20/2018 16:00:00,261.5
11/21/2018 16:00:00,260.55
11/23/2018 13:00:00,261.62
11/26/2018 16:00:00,266.16
11/27/2018 16:00:00,271.15
11/28/2018 16:00:00,280.95
11/29/2018 16:00:00,282.55
11/30/2018 16:00:00,281.36
12/03/2018 16:00,286.33
12/04/2018 16:00,278.55
12/06/2018 16:00,276.85
12/07/2018 16:00,269.18
12/10/2018 16:00,266.53
12/11/2018 16:00,267.22
12/12/2018 16:00,270.64
12/13/2018 16:00:00,272.15
12/14/2018 16:00:00,265.02
12/17/2018 16:00:00,258.07
12/18/2018 16:00:00,252.97
12/19/2018 16:00:00,250.31
12/20/2018 16:00:00,242.44
12/21/2018 16:00:00,238.34
12/24/2018 13:00:00,232.94
12/26/2018 16:00:00,243.35
12/27/2018 16:00:00,245.97
12/28/2018 16:00:00,246.24
12/31/2018 16:00:00,249.12
1/02/2019 16:00,243.49
1/03/2019 16:00,236.85
1/04/2019 16:00,239.62
1/07/2019 16:00,240.08
1/08/2019 16:00,243.29
1/09/2019 16:00,243.64
1/10/2019 16:00,244.87
1/11/2019 16:00,247.67
1/14/2019 16:00:00,248.06
1/15/2019 16:00:00,256.87
1/16/2019 16:00:00,261.46
1/17/2019 16:00:00,259.77
1/18/2019 16:00:00,265.5
1/22/2019 16:00:00,265.69
1/23/2019 16:00:00,267.02
1/24/2019 16:00:00,266.13
1/25/2019 16:00:00,268.05
1/28/2019 16:00:00,266.77
1/29/2019 16:00:00,267.34
1/30/2019 16:00:00,270.37
1/31/2019 16:00:00,270.2
2/01/2019 16:00,268.72
2/04/2019 16:00,268.21
2/05/2019 16:00,266.31
2/06/2019 16:00,269.5
2/07/2019 16:00,269
2/08/2019 16:00,261.9
2/11/2019 16:00,257.14
2/12/2019 16:00,263.5
2/13/2019 16:00:00,263.8
2/14/2019 16:00:00,265.33
2/15/2019 16:00:00,271.13
2/19/2019 16:00:00,270.41
2/20/2019 16:00:00,269.51
2/21/2019 16:00:00,266.4
2/22/2019 16:00:00,267.11
2/25/2019 16:00:00,264.6
2/26/2019 16:00:00,262.98
2/27/2019 16:00:00,250.08
2/28/2019 16:00:00,242.22
3/01/2019 16:00,246.15
3/04/2019 16:00,236.02
3/05/2019 16:00,241.43
3/06/2019 16:00,239.07
3/07/2019 16:00,236.7
3/08/2019 16:00,237.29
3/11/2019 16:00,243.15
3/12/2019 16:00,245.88
3/13/2019 16:00:00,252.25
3/14/2019 16:00:00,253.27
3/15/2019 16:00:00,251.4
3/18/2019 16:00:00,255
3/19/2019 16:00:00,257.13
3/20/2019 16:00:00,250.5
3/21/2019 16:00:00,252.02
3/22/2019 16:00:00,247.09
3/25/2019 16:00:00,246.86
3/26/2019 16:00:00,243.39
3/27/2019 16:00:00,241.71
3/28/2019 16:00:00,242.23
3/29/2019 16:00:00,247.26
4/01/2019 16:00,245.54
4/02/2019 16:00,244.41
4/03/2019 16:00,245.84
4/04/2019 16:00,247.39
4/05/2019 16:00,248.78
4/08/2019 16:00,248.75
4/09/2019 16:00,248.79
4/10/2019 16:00,246.03
4/11/2019 16:00,235.42
4/12/2019 16:00,223.22
4/15/2019 16:00:00,230.2
4/16/2019 16:00:00,220.96
4/17/2019 16:00:00,216.84
4/18/2019 16:00:00,221.75
4/22/2019 16:00:00,227.11
4/23/2019 16:00:00,230.58
4/24/2019 16:00:00,230.35
4/25/2019 16:00:00,230.79
4/26/2019 16:00:00,237
4/29/2019 16:00:00,237.45
4/30/2019 16:00:00,233.07
5/01/2019 16:00,231.95
5/02/2019 16:00,232.45
5/03/2019 16:00,231.95
5/06/2019 16:00,240.5
5/07/2019 16:00,238.05
5/08/2019 16:00,239.15
5/09/2019 16:00,237.97
5/10/2019 16:00,240.59
5/13/2019 16:00:00,239.55
5/14/2019 16:00:00,236.43
5/15/2019 16:00:00,236.08
5/16/2019 16:00:00,236.79
5/17/2019 16:00:00,241.38
5/20/2019 16:00:00,245.99
5/21/2019 16:00:00,249.94
5/22/2019 16:00:00,249.34
5/23/2019 16:00:00,246.5
5/24/2019 16:00:00,247.63
5/28/2019 16:00:00,242.06
5/29/2019 16:00:00,242.4
5/30/2019 16:00:00,243.5
5/31/2019 16:00:00,241.8
6/03/2019 16:00,236.56
6/04/2019 16:00,240.76
6/05/2019 16:00,242.77
6/06/2019 16:00,241.82
6/07/2019 16:00,246.77
6/10/2019 16:00,248.14
6/11/2019 16:00,245.87
6/12/2019 16:00,244.5
6/13/2019 16:00:00,244.96
6/14/2019 16:00:00,245.37
6/17/2019 16:00:00,245.97
6/18/2019 16:00:00,245.7
6/19/2019 16:00:00,250.19
6/20/2019 16:00:00,247.76
6/21/2019 16:00:00,252.28
6/24/2019 16:00:00,249.64
6/25/2019 16:00:00,247.66
6/26/2019 16:00:00,243.47
6/27/2019 16:00:00,246.34
6/28/2019 16:00:00,244.01
7/01/2019 16:00,242.64
7/02/2019 16:00,243.97
7/03/2019 13:00,245.21
7/05/2019 16:00,246.99
7/08/2019 16:00,247.84
7/09/2019 16:00,246
7/10/2019 16:00,247.48
7/11/2019 16:00,261.16
7/12/2019 16:00,265.9
7/15/2019 16:00:00,265.96
7/16/2019 16:00:00,264.66
7/17/2019 16:00:00,266.65
7/18/2019 16:00:00,260.6
7/19/2019 16:00:00,256.65
7/22/2019 16:00:00,255.32
7/23/2019 16:00:00,255.01
7/24/2019 16:00:00,251.13
7/25/2019 16:00:00,248.7
7/26/2019 16:00:00,252.94
7/29/2019 16:00:00,253.82
7/30/2019 16:00:00,254.93
7/31/2019 16:00:00,249.01
8/01/2019 16:00,249.25
8/02/2019 16:00,250.05
8/05/2019 16:00,245.06
8/06/2019 16:00,248.28
8/07/2019 16:00,246.45
8/08/2019 16:00,247.62
8/09/2019 16:00,248.63
8/12/2019 16:00,243.2
8/13/2019 16:00:00,249.22
8/14/2019 16:00:00,243.2
8/15/2019 16:00:00,244.25
8/16/2019 16:00:00,245.69
8/19/2019 16:00:00,244.71
8/20/2019 16:00:00,240.16
8/21/2019 16:00:00,240.35
8/22/2019 16:00:00,232.94
8/23/2019 16:00:00,230.66
8/26/2019 16:00:00,231.08
8/27/2019 16:00:00,222.93
8/28/2019 16:00:00,227.35
8/29/2019 16:00:00,230.62
8/30/2019 16:00:00,234
9/03/2019 16:00,230.62
9/04/2019 16:00,226.73
9/05/2019 16:00,229.59
9/06/2019 16:00,229
9/09/2019 16:00,230.68
9/10/2019 16:00,232.46
9/11/2019 16:00,234.21
9/12/2019 16:00,230.1
9/13/2019 16:00:00,233.61
9/16/2019 16:00:00,234.43
9/17/2019 16:00:00,232.52
9/18/2019 16:00:00,230.61
9/19/2019 16:00:00,232.85
9/20/2019 16:00:00,232.89
9/23/2019 16:00:00,228.77
9/24/2019 16:00:00,225
9/25/2019 16:00:00,222.17
9/26/2019 16:00:00,215.48
9/27/2019 16:00:00,215.26
9/30/2019 16:00:00,217.32
10/01/2019 16:00,217.21
10/02/2019 16:00,216.75
10/03/2019 16:00,215.36
10/04/2019 16:00,219.8
10/07/2019 16:00,221.24
10/08/2019 16:00,220.11
10/09/2019 16:00,222.08
10/10/2019 16:00,223.73
10/11/2019 16:00,222.07
10/14/2019 16:00:00,220.59
10/15/2019 16:00:00,238.59
10/16/2019 16:00:00,236.99
10/17/2019 16:00:00,243.67
10/18/2019 16:00:00,245.34
10/21/2019 16:00:00,243.92
10/22/2019 16:00:00,249.48
10/23/2019 16:00:00,247.8
10/24/2019 16:00:00,244.51
10/25/2019 16:00:00,244.91
10/28/2019 16:00:00,247.05
10/29/2019 16:00:00,252.29
10/30/2019 16:00:00,254.8
10/31/2019 16:00:00,252.7
11/01/2019 16:00,252.21
11/04/2019 16:00,251.25
11/05/2019 16:00,250.3
11/06/2019 16:00,250.52
11/07/2019 16:00,256.46
11/08/2019 16:00,256.97
11/11/2019 16:00,254.09
11/12/2019 16:00,255.25
11/13/2019 16:00:00,253.57
11/14/2019 16:00:00,255.83
11/15/2019 16:00:00,269.4
11/18/2019 16:00:00,272.93
11/19/2019 16:00:00,274.23
11/20/2019 16:00:00,275.56
11/21/2019 16:00:00,276.55
11/22/2019 16:00:00,276.84
11/25/2019 16:00:00,282.67
11/26/2019 16:00:00,281.4
11/27/2019 16:00:00,280.67
11/29/2019 13:00:00,279.87
12/02/2019 16:00,279.66
12/03/2019 16:00,276.9
12/04/2019 16:00,279.32
12/05/2019 16:00,282
12/06/2019 16:00,280.19
12/09/2019 16:00,277.54
12/10/2019 16:00,279.52
12/11/2019 16:00,280.5
12/12/2019 16:00,283.61
12/13/2019 16:00:00,285.48
12/16/2019 16:00:00,292.03
12/17/2019 16:00:00,290.47
12/18/2019 16:00:00,292.9
12/19/2019 16:00:00,294.62
12/20/2019 16:00:00,292.59
12/23/2019 16:00:00,295.09
12/24/2019 13:00:00,294.54
12/26/2019 16:00:00,295.65
12/27/2019 16:00:00,295.97
12/30/2019 16:00:00,293.85
