Date,WES
1/02/2015 16:00,30.07
1/05/2015 16:00,30.04
1/06/2015 16:00,29.92
1/07/2015 16:00,29.73
1/08/2015 16:00,30
1/09/2015 16:00,30.65
1/12/2015 16:00,30.45
1/13/2015 16:00:00,30.49
1/14/2015 16:00:00,30.25
1/15/2015 16:00:00,30.57
1/16/2015 16:00:00,30.58
1/19/2015 16:00:00,30.48
1/20/2015 16:00:00,30.55
1/21/2015 16:00:00,31.19
1/22/2015 16:00:00,31.29
1/23/2015 16:00:00,30.96
1/27/2015 16:00:00,31.35
1/28/2015 16:00:00,31.18
1/29/2015 16:00:00,31.36
1/30/2015 16:00:00,31.28
2/02/2015 16:00,31.56
2/03/2015 16:00,31.69
2/04/2015 16:00,31.95
2/05/2015 16:00,32.08
2/06/2015 16:00,32.12
2/09/2015 16:00,31.9
2/10/2015 16:00,31.69
2/11/2015 16:00,31.71
2/12/2015 16:00,31.45
2/13/2015 16:00:00,32.05
2/16/2015 16:00:00,32.11
2/17/2015 16:00:00,32.47
2/18/2015 16:00:00,32.93
2/19/2015 16:00:00,32.42
2/20/2015 16:00:00,33.29
2/23/2015 16:00:00,33.52
2/24/2015 16:00:00,32.62
2/25/2015 16:00:00,32.72
2/26/2015 16:00:00,32.61
2/27/2015 16:00:00,31.46
3/02/2015 16:00,31.07
3/03/2015 16:00,31.33
3/04/2015 16:00,31.04
3/05/2015 16:00,31.41
3/06/2015 16:00,31.52
3/09/2015 16:00,31.29
3/10/2015 16:00,31.29
3/11/2015 16:00,31.25
3/12/2015 16:00,31.33
3/13/2015 16:00:00,31.11
3/16/2015 16:00:00,31.19
3/17/2015 16:00:00,31.52
3/18/2015 16:00:00,31.5
3/19/2015 16:00:00,31.61
3/20/2015 16:00:00,31.7
3/23/2015 16:00:00,31.56
3/24/2015 16:00:00,31.73
3/25/2015 16:00:00,31.62
3/26/2015 16:00:00,31.15
3/27/2015 16:00:00,31.62
3/30/2015 16:00:00,31.23
3/31/2015 16:00:00,31.54
4/01/2015 16:00,31.25
4/02/2015 16:00,31.22
4/07/2015 16:00,31.26
4/08/2015 16:00,31.46
4/09/2015 16:00,31.37
4/10/2015 16:00,31.86
4/13/2015 16:00:00,31.73
4/14/2015 16:00:00,31.43
4/15/2015 16:00:00,31.11
4/16/2015 16:00:00,31.29
4/17/2015 16:00:00,30.85
4/20/2015 16:00:00,30.5
4/21/2015 16:00:00,30.67
4/22/2015 16:00:00,30.46
4/23/2015 16:00:00,30.23
4/24/2015 16:00:00,30.59
4/27/2015 16:00:00,30.98
4/28/2015 16:00:00,30.96
4/29/2015 16:00:00,30.85
4/30/2015 16:00:00,31.36
5/01/2015 16:00,31.31
5/04/2015 16:00,31.79
5/06/2015 16:00,31.82
5/07/2015 16:00,31.43
5/08/2015 16:00,31.39
5/11/2015 16:00,31.11
5/12/2015 16:00,31.21
5/13/2015 16:00:00,31.68
5/14/2015 16:00:00,31.98
5/15/2015 16:00:00,32.27
5/18/2015 16:00:00,31.93
5/19/2015 16:00:00,31.36
5/20/2015 16:00:00,31.16
5/21/2015 16:00:00,31.11
5/22/2015 16:00:00,31.09
5/25/2015 16:00:00,31.5
5/26/2015 16:00:00,31.63
5/27/2015 16:00:00,31.14
5/28/2015 16:00:00,31.29
5/29/2015 16:00:00,31.33
6/01/2015 16:00,30.8
6/02/2015 16:00,30.41
6/03/2015 16:00,30.22
6/04/2015 16:00,29.74
6/05/2015 16:00,30.01
6/09/2015 16:00,29.62
6/10/2015 16:00,29.81
6/11/2015 16:00,29.72
6/12/2015 16:00,29.64
6/15/2015 16:00:00,29.5
6/16/2015 16:00:00,29.65
6/17/2015 16:00:00,29.71
6/18/2015 16:00:00,28.85
6/19/2015 16:00:00,28.85
6/22/2015 16:00:00,28.9
6/23/2015 16:00:00,29.05
6/24/2015 16:00:00,29.02
6/25/2015 16:00:00,28.64
6/26/2015 16:00:00,28.33
6/29/2015 16:00:00,27.78
6/30/2015 16:00:00,28.01
7/01/2015 16:00,28.16
7/02/2015 16:00,28.67
7/03/2015 16:00,28.52
7/06/2015 16:00,28.28
7/07/2015 16:00,28.95
7/08/2015 16:00,28.5
7/09/2015 16:00,28.64
7/10/2015 16:00,28.62
7/13/2015 16:00:00,28.47
7/14/2015 16:00:00,29.1
7/15/2015 16:00:00,29.84
7/16/2015 16:00:00,29.95
7/17/2015 16:00:00,29.96
7/20/2015 16:00:00,30.08
7/21/2015 16:00:00,30.29
7/22/2015 16:00:00,29.91
7/23/2015 16:00:00,29.85
7/24/2015 16:00:00,29.63
7/27/2015 16:00:00,29.65
7/28/2015 16:00:00,29.69
7/29/2015 16:00:00,29.91
7/30/2015 16:00:00,30.38
7/31/2015 16:00:00,30.46
8/03/2015 16:00,30.43
8/04/2015 16:00,30.9
8/05/2015 16:00,30.7
8/06/2015 16:00,30.48
8/07/2015 16:00,30.09
8/10/2015 16:00,29.73
8/11/2015 16:00,29.81
8/12/2015 16:00,29.46
8/13/2015 16:00:00,29.31
8/14/2015 16:00:00,28.97
8/17/2015 16:00:00,28.59
8/18/2015 16:00:00,28.46
8/19/2015 16:00:00,28.97
8/20/2015 16:00:00,29.32
8/21/2015 16:00:00,29.28
8/24/2015 16:00:00,28.74
8/25/2015 16:00:00,28.64
8/26/2015 16:00:00,28.82
8/27/2015 16:00:00,29.44
8/28/2015 16:00:00,29.74
8/31/2015 16:00:00,29.18
9/01/2015 16:00,28.7
9/02/2015 16:00,28.52
9/03/2015 16:00,28.29
9/04/2015 16:00,28.29
9/07/2015 16:00,28.26
9/08/2015 16:00,28.55
9/09/2015 16:00,28.81
9/10/2015 16:00,28.29
9/11/2015 16:00,28.12
9/14/2015 16:00:00,28.19
9/15/2015 16:00:00,27.88
9/16/2015 16:00:00,27.96
9/17/2015 16:00:00,28.13
9/18/2015 16:00:00,28.13
9/21/2015 16:00:00,27.74
9/22/2015 16:00:00,28.01
9/23/2015 16:00:00,27.4
9/24/2015 16:00:00,28.08
9/25/2015 16:00:00,28.09
9/28/2015 16:00:00,28.39
9/29/2015 16:00:00,27.5
9/30/2015 16:00:00,28.14
10/01/2015 16:00,28.62
10/02/2015 16:00,28.18
10/05/2015 16:00,28.7
10/06/2015 16:00,28.63
10/07/2015 16:00,28.7
10/08/2015 16:00,28.54
10/09/2015 16:00,28.95
10/12/2015 16:00,28.85
10/13/2015 16:00:00,29.12
10/14/2015 16:00:00,28.87
10/15/2015 16:00:00,28.95
10/16/2015 16:00:00,29.04
10/19/2015 16:00:00,28.9
10/20/2015 16:00:00,29.05
10/21/2015 16:00:00,29.2
10/22/2015 16:00:00,29.36
10/23/2015 16:00:00,29.91
10/26/2015 16:00:00,29.74
10/27/2015 16:00:00,30.09
10/28/2015 16:00:00,30.13
10/29/2015 16:00:00,28.83
10/30/2015 16:00:00,28.28
11/02/2015 16:00,27.92
11/03/2015 16:00,28.08
11/04/2015 16:00,28.2
11/05/2015 16:00,27.89
11/06/2015 16:00,28.08
11/09/2015 16:00,27.78
11/10/2015 16:00,27.63
11/11/2015 16:00,27.91
11/12/2015 16:00,27.77
11/13/2015 16:00:00,26.82
11/16/2015 16:00:00,26.59
11/17/2015 16:00:00,27
11/18/2015 16:00:00,26.88
11/19/2015 16:00:00,27.77
11/20/2015 16:00:00,27.99
11/23/2015 16:00:00,28.29
11/24/2015 16:00:00,28.11
11/25/2015 16:00:00,27.75
11/26/2015 16:00:00,27.65
11/27/2015 16:00:00,27.5
11/30/2015 16:00:00,27.33
12/01/2015 16:00,27.96
12/02/2015 16:00,28.07
12/03/2015 16:00,27.92
12/04/2015 16:00,27.65
12/07/2015 16:00,27.63
12/08/2015 16:00,27.57
12/09/2015 16:00,27.26
12/10/2015 16:00,27.07
12/11/2015 16:00,27.17
12/14/2015 16:00:00,26.71
12/15/2015 16:00:00,26.76
12/16/2015 16:00:00,27.84
12/17/2015 16:00:00,28.24
12/18/2015 16:00:00,28.64
12/21/2015 16:00:00,28.74
12/22/2015 16:00:00,28.9
12/23/2015 16:00:00,28.92
12/24/2015 16:00:00,29.19
12/29/2015 16:00:00,29.98
12/30/2015 16:00:00,30.12
12/31/2015 16:00:00,29.86
1/04/2016 16:00,29.82
1/05/2016 16:00,29.32
1/06/2016 16:00,29.3
1/07/2016 16:00,28.68
1/08/2016 16:00,28.45
1/11/2016 16:00,28.52
1/12/2016 16:00,28.31
1/13/2016 16:00:00,28.67
1/14/2016 16:00:00,28.27
1/15/2016 16:00:00,28.21
1/18/2016 16:00:00,28.79
1/19/2016 16:00:00,28.49
1/20/2016 16:00:00,28.74
1/21/2016 16:00:00,29.53
1/22/2016 16:00:00,29.97
1/25/2016 16:00:00,30.22
1/27/2016 16:00:00,30.05
1/28/2016 16:00:00,30.1
1/29/2016 16:00:00,30.26
2/01/2016 16:00,30.59
2/02/2016 16:00,30.73
2/03/2016 16:00,30.66
2/04/2016 16:00,30.79
2/05/2016 16:00,30.8
2/08/2016 16:00,31.03
2/09/2016 16:00,30.75
2/10/2016 16:00,30.22
2/11/2016 16:00,30.68
2/12/2016 16:00,30.45
2/15/2016 16:00:00,30.71
2/16/2016 16:00:00,30.95
2/17/2016 16:00:00,30.88
2/18/2016 16:00:00,31.41
2/19/2016 16:00:00,31.16
2/22/2016 16:00:00,31.46
2/23/2016 16:00:00,31.3
2/24/2016 16:00:00,29.78
2/25/2016 16:00:00,28.97
2/26/2016 16:00:00,28.94
2/29/2016 16:00:00,28.05
3/01/2016 16:00,28.02
3/02/2016 16:00,28.75
3/03/2016 16:00,28.85
3/04/2016 16:00,28.97
3/07/2016 16:00,29.08
3/08/2016 16:00,29.32
3/09/2016 16:00,29.82
3/10/2016 16:00,29.63
3/11/2016 16:00,29.99
3/14/2016 16:00:00,29.78
3/15/2016 16:00:00,29.61
3/16/2016 16:00:00,29.41
3/17/2016 16:00:00,29.78
3/18/2016 16:00:00,29.96
3/21/2016 16:00:00,29.83
3/22/2016 16:00:00,29.97
3/23/2016 16:00:00,30.17
3/24/2016 16:00:00,30.2
3/29/2016 16:00:00,29.84
3/30/2016 16:00:00,29.61
3/31/2016 16:00:00,29.74
4/01/2016 16:00,29.2
4/04/2016 16:00,29.32
4/05/2016 16:00,29.06
4/06/2016 16:00,29.06
4/07/2016 16:00,29.03
4/08/2016 16:00,28.94
4/11/2016 16:00,28.72
4/12/2016 16:00,28.36
4/13/2016 16:00:00,28.56
4/14/2016 16:00:00,29.23
4/15/2016 16:00:00,29.86
4/18/2016 16:00:00,29.51
4/19/2016 16:00:00,29.29
4/20/2016 16:00:00,29.46
4/21/2016 16:00:00,30.28
4/22/2016 16:00:00,30.01
4/26/2016 16:00:00,30.27
4/27/2016 16:00:00,30.31
4/28/2016 16:00:00,30.62
4/29/2016 16:00:00,30.69
5/02/2016 16:00,30.83
5/03/2016 16:00,31.16
5/04/2016 16:00,30.68
5/05/2016 16:00,30.17
5/06/2016 16:00,30.54
5/09/2016 16:00,30.97
5/10/2016 16:00,30.96
5/11/2016 16:00,30.97
5/12/2016 16:00,30.78
5/13/2016 16:00:00,30.51
5/16/2016 16:00:00,30.78
5/17/2016 16:00:00,31.06
5/18/2016 16:00:00,30.75
5/19/2016 16:00:00,30.48
5/20/2016 16:00:00,30.75
5/23/2016 16:00:00,30.65
5/24/2016 16:00:00,30.12
5/25/2016 16:00:00,30.07
5/26/2016 16:00:00,28.99
5/27/2016 16:00:00,29.54
5/30/2016 16:00:00,29.78
5/31/2016 16:00:00,29.15
6/01/2016 16:00,29.01
6/02/2016 16:00,28.74
6/03/2016 16:00,29.02
6/06/2016 16:00,29.23
6/07/2016 16:00,28.95
6/08/2016 16:00,29.47
6/09/2016 16:00,29.47
6/10/2016 16:00,29.36
6/14/2016 16:00:00,28.8
6/15/2016 16:00:00,28.81
6/16/2016 16:00:00,28.67
6/17/2016 16:00:00,28.59
6/20/2016 16:00:00,29.15
6/21/2016 16:00:00,29.13
6/22/2016 16:00:00,28.95
6/23/2016 16:00:00,29.28
6/24/2016 16:00:00,28.17
6/27/2016 16:00:00,28.14
6/28/2016 16:00:00,28.24
6/29/2016 16:00:00,28.44
6/30/2016 16:00:00,28.77
7/01/2016 16:00,28.83
7/04/2016 16:00,28.9
7/05/2016 16:00,28.52
7/06/2016 16:00,28.61
7/07/2016 16:00,28.74
7/08/2016 16:00,29.01
7/11/2016 16:00,29.42
7/12/2016 16:00,29.33
7/13/2016 16:00:00,29.09
7/14/2016 16:00:00,29.28
7/15/2016 16:00:00,29.35
7/18/2016 16:00:00,29.51
7/19/2016 16:00:00,29.67
7/20/2016 16:00:00,30.07
7/21/2016 16:00:00,30.17
7/22/2016 16:00:00,29.99
7/25/2016 16:00:00,30.32
7/26/2016 16:00:00,30.56
7/27/2016 16:00:00,30.5
7/28/2016 16:00:00,30.73
7/29/2016 16:00:00,30.8
8/01/2016 16:00,30.85
8/02/2016 16:00,30.86
8/03/2016 16:00,30.53
8/04/2016 16:00,30.55
8/05/2016 16:00,30.37
8/08/2016 16:00,30.52
8/09/2016 16:00,30.48
8/10/2016 16:00,30.33
8/11/2016 16:00,30.47
8/12/2016 16:00,30.56
8/15/2016 16:00:00,30.57
8/16/2016 16:00:00,30.6
8/17/2016 16:00:00,31.01
8/18/2016 16:00:00,30.84
8/19/2016 16:00:00,30.88
8/22/2016 16:00:00,31.02
8/23/2016 16:00:00,31.27
8/24/2016 16:00:00,30.59
8/25/2016 16:00:00,31.33
8/26/2016 16:00:00,31.81
8/29/2016 16:00:00,30.75
8/30/2016 16:00:00,30.88
8/31/2016 16:00:00,30.45
9/01/2016 16:00,30.52
9/02/2016 16:00,30.42
9/05/2016 16:00,30.57
9/06/2016 16:00,30.55
9/07/2016 16:00,30.88
9/08/2016 16:00,30.93
9/09/2016 16:00,30.6
9/12/2016 16:00,30.5
9/13/2016 16:00:00,30.24
9/14/2016 16:00:00,30.6
9/15/2016 16:00:00,30.75
9/16/2016 16:00:00,30.9
9/19/2016 16:00:00,30.73
9/20/2016 16:00:00,30.98
9/21/2016 16:00:00,31.53
9/22/2016 16:00:00,31.56
9/23/2016 16:00:00,31.6
9/26/2016 16:00:00,31.38
9/27/2016 16:00:00,31.55
9/28/2016 16:00:00,31.78
9/29/2016 16:00:00,31.68
9/30/2016 16:00:00,31.64
10/03/2016 16:00,31.82
10/04/2016 16:00,31.97
10/05/2016 16:00,31.95
10/06/2016 16:00,32.36
10/07/2016 16:00,32.55
10/10/2016 16:00,32.56
10/11/2016 16:00,32.54
10/12/2016 16:00,32.3
10/13/2016 16:00:00,32.53
10/14/2016 16:00:00,32.66
10/17/2016 16:00:00,32.56
10/18/2016 16:00:00,32.5
10/19/2016 16:00:00,32
10/20/2016 16:00:00,31.77
10/21/2016 16:00:00,31.66
10/24/2016 16:00:00,31.75
10/25/2016 16:00:00,31.54
10/26/2016 16:00:00,29.74
10/27/2016 16:00:00,28.93
10/28/2016 16:00:00,28.93
10/31/2016 16:00:00,29.43
11/01/2016 16:00,29.1
11/02/2016 16:00,28.95
11/03/2016 16:00,29.26
11/04/2016 16:00,28.99
11/07/2016 16:00,29.3
11/08/2016 16:00,29.52
11/09/2016 16:00,29.03
11/10/2016 16:00,29.54
11/11/2016 16:00,29.73
11/14/2016 16:00:00,29.53
11/15/2016 16:00:00,29.06
11/16/2016 16:00:00,29.42
11/17/2016 16:00:00,29.68
11/18/2016 16:00:00,29.53
11/21/2016 16:00:00,29.08
11/22/2016 16:00:00,29.58
11/23/2016 16:00:00,29.88
11/24/2016 16:00:00,30.24
11/25/2016 16:00:00,30.27
11/28/2016 16:00:00,30.23
11/29/2016 16:00:00,30.17
11/30/2016 16:00:00,29.98
12/01/2016 16:00,29.79
12/02/2016 16:00,29.33
12/05/2016 16:00,28.95
12/06/2016 16:00,28.84
12/07/2016 16:00,28.97
12/08/2016 16:00,29.25
12/09/2016 16:00,29.24
12/12/2016 16:00,29.28
12/13/2016 16:00:00,29.6
12/14/2016 16:00:00,29.85
12/15/2016 16:00:00,29.59
12/16/2016 16:00:00,29.74
12/19/2016 16:00:00,30.01
12/20/2016 16:00:00,30.35
12/21/2016 16:00:00,30.19
12/22/2016 16:00:00,30.43
12/23/2016 16:00:00,30.19
12/28/2016 16:00:00,30.52
12/29/2016 16:00:00,30.71
12/30/2016 16:00:00,30.24
1/03/2017 16:00,30.65
1/04/2017 16:00,30.45
1/05/2017 16:00,30.44
1/06/2017 16:00,30.36
1/09/2017 16:00,30.24
1/10/2017 16:00,30.34
1/11/2017 16:00,30.26
1/12/2017 16:00,29.92
1/13/2017 16:00:00,29.9
1/16/2017 16:00:00,30.01
1/17/2017 16:00:00,29.79
1/18/2017 16:00:00,29.85
1/19/2017 16:00:00,29.78
1/20/2017 16:00:00,29.84
1/23/2017 16:00:00,29.4
1/24/2017 16:00:00,29.56
1/25/2017 16:00:00,29.2
1/27/2017 16:00:00,29.51
1/30/2017 16:00:00,29.24
1/31/2017 16:00:00,28.89
2/01/2017 16:00,29.32
2/02/2017 16:00,29.16
2/03/2017 16:00,29.1
2/06/2017 16:00,28.89
2/07/2017 16:00,29.1
2/08/2017 16:00,29.02
2/09/2017 16:00,29.41
2/10/2017 16:00,30.04
2/13/2017 16:00:00,30.37
2/14/2017 16:00:00,30.23
2/15/2017 16:00:00,31.09
2/16/2017 16:00:00,30.75
2/17/2017 16:00:00,30.92
2/20/2017 16:00:00,30.38
2/21/2017 16:00:00,30.4
2/22/2017 16:00:00,30.95
2/23/2017 16:00:00,31
2/24/2017 16:00:00,30.85
2/27/2017 16:00:00,30.59
2/28/2017 16:00:00,30.65
3/01/2017 16:00,30.75
3/02/2017 16:00,31.03
3/03/2017 16:00,30.75
3/06/2017 16:00,30.75
3/07/2017 16:00,31.07
3/08/2017 16:00,31.29
3/09/2017 16:00,31.33
3/10/2017 16:00,31.87
3/13/2017 16:00:00,31.75
3/14/2017 16:00:00,31.82
3/15/2017 16:00:00,31.49
3/16/2017 16:00:00,31.63
3/17/2017 16:00:00,31.57
3/20/2017 16:00:00,31.43
3/21/2017 16:00:00,31.51
3/22/2017 16:00:00,31.06
3/23/2017 16:00:00,31.14
3/24/2017 16:00:00,31.49
3/27/2017 16:00:00,31.57
3/28/2017 16:00:00,31.84
3/29/2017 16:00:00,32.2
3/30/2017 16:00:00,32.64
3/31/2017 16:00:00,32.34
4/03/2017 16:00,32.36
4/04/2017 16:00,32.13
4/05/2017 16:00,31.76
4/06/2017 16:00,31.89
4/07/2017 16:00,31.87
4/10/2017 16:00,32.11
4/11/2017 16:00,32
4/12/2017 16:00,32.28
4/13/2017 16:00:00,32.39
4/18/2017 16:00:00,31.93
4/19/2017 16:00:00,31.83
4/20/2017 16:00:00,31.87
4/21/2017 16:00:00,31.49
4/24/2017 16:00:00,31.39
4/26/2017 16:00:00,31.53
4/27/2017 16:00:00,31.07
4/28/2017 16:00:00,30.85
5/01/2017 16:00,31.29
5/02/2017 16:00,31.08
5/03/2017 16:00,31.13
5/04/2017 16:00,31.31
5/05/2017 16:00,31.06
5/08/2017 16:00,31.15
5/09/2017 16:00,31.31
5/10/2017 16:00,31.66
5/11/2017 16:00,31.67
5/12/2017 16:00,31.56
5/15/2017 16:00:00,31.26
5/16/2017 16:00:00,31.52
5/17/2017 16:00:00,31.11
5/18/2017 16:00:00,31.15
5/19/2017 16:00:00,30.86
5/22/2017 16:00:00,30.7
5/23/2017 16:00:00,30.52
5/24/2017 16:00:00,30.68
5/25/2017 16:00:00,30.69
5/26/2017 16:00:00,30.58
5/29/2017 16:00:00,30.53
5/30/2017 16:00:00,30.29
5/31/2017 16:00:00,30.64
6/01/2017 16:00,29.68
6/02/2017 16:00,30.12
6/05/2017 16:00,30.16
6/06/2017 16:00,29.71
6/07/2017 16:00,28.87
6/08/2017 16:00,28.81
6/09/2017 16:00,28.74
6/13/2017 16:00:00,29.23
6/14/2017 16:00:00,29.35
6/15/2017 16:00:00,29.43
6/16/2017 16:00:00,29.2
6/19/2017 16:00:00,29.14
6/20/2017 16:00:00,29.07
6/21/2017 16:00:00,28.86
6/22/2017 16:00:00,29.29
6/23/2017 16:00:00,29.22
6/26/2017 16:00:00,29.46
6/27/2017 16:00:00,29.12
6/28/2017 16:00:00,29.25
6/29/2017 16:00:00,29.19
6/30/2017 16:00:00,28.79
7/03/2017 16:00,28.82
7/04/2017 16:00,29.27
7/05/2017 16:00,29.1
7/06/2017 16:00,29.4
7/07/2017 16:00,29.35
7/10/2017 16:00,29.33
7/11/2017 16:00,29.19
7/12/2017 16:00,28.94
7/13/2017 16:00:00,29.67
7/14/2017 16:00:00,29.81
7/17/2017 16:00:00,29.75
7/18/2017 16:00:00,29.2
7/19/2017 16:00:00,29.08
7/20/2017 16:00:00,29.03
7/21/2017 16:00:00,28.87
7/24/2017 16:00:00,28.88
7/25/2017 16:00:00,28.91
7/26/2017 16:00:00,29.22
7/27/2017 16:00:00,29.28
7/28/2017 16:00:00,29.08
7/31/2017 16:00:00,29.23
8/01/2017 16:00,29.35
8/02/2017 16:00,29.05
8/03/2017 16:00,29.05
8/04/2017 16:00,29.21
8/07/2017 16:00,29.42
8/08/2017 16:00,29.42
8/09/2017 16:00,29.3
8/10/2017 16:00,29.19
8/11/2017 16:00,29.31
8/14/2017 16:00:00,29.51
8/15/2017 16:00:00,29.83
8/16/2017 16:00:00,29.96
8/17/2017 16:00:00,30.04
8/18/2017 16:00:00,30.32
8/21/2017 16:00:00,30.57
8/22/2017 16:00:00,29.67
8/23/2017 16:00:00,29.79
8/24/2017 16:00:00,30.24
8/25/2017 16:00:00,30.1
8/28/2017 16:00:00,29.77
8/29/2017 16:00:00,29.77
8/30/2017 16:00:00,30.17
8/31/2017 16:00:00,30.58
9/01/2017 16:00,30.45
9/04/2017 16:00,30.35
9/05/2017 16:00,30.46
9/06/2017 16:00,30.32
9/07/2017 16:00,30.13
9/08/2017 16:00,30.24
9/11/2017 16:00,30.45
9/12/2017 16:00,30.49
9/13/2017 16:00:00,30.19
9/14/2017 16:00:00,29.91
9/15/2017 16:00:00,29.73
9/18/2017 16:00:00,29.59
9/19/2017 16:00:00,29.52
9/20/2017 16:00:00,29.61
9/21/2017 16:00:00,29.37
9/22/2017 16:00:00,29.57
9/25/2017 16:00:00,29.47
9/26/2017 16:00:00,29.57
9/27/2017 16:00:00,29.45
9/28/2017 16:00:00,29.19
9/29/2017 16:00:00,29.66
10/02/2017 16:00,29.63
10/03/2017 16:00,29.57
10/04/2017 16:00,29.35
10/05/2017 16:00,29.44
10/06/2017 16:00,29.4
10/09/2017 16:00,29.5
10/10/2017 16:00,29.56
10/11/2017 16:00,29.74
10/12/2017 16:00,30.14
10/13/2017 16:00:00,30.36
10/16/2017 16:00:00,30.45
10/17/2017 16:00:00,30.57
10/18/2017 16:00:00,30.68
10/19/2017 16:00:00,30.79
10/20/2017 16:00:00,30.93
10/23/2017 16:00:00,30.7
10/24/2017 16:00:00,30.66
10/25/2017 16:00:00,29.77
10/26/2017 16:00:00,29.98
10/27/2017 16:00:00,29.84
10/30/2017 16:00:00,29.94
10/31/2017 16:00:00,29.99
11/01/2017 16:00,30.31
11/02/2017 16:00,30.38
11/03/2017 16:00,30.45
11/06/2017 16:00,30.43
11/07/2017 16:00,30.58
11/08/2017 16:00,30.63
11/09/2017 16:00,30.93
11/10/2017 16:00,31.01
11/13/2017 16:00:00,31.06
11/14/2017 16:00:00,31
11/15/2017 16:00:00,30.85
11/16/2017 16:00:00,30.53
11/17/2017 16:00:00,30.35
11/20/2017 16:00:00,30.44
11/21/2017 16:00:00,30.4
11/22/2017 16:00:00,30.7
11/23/2017 16:00:00,30.78
11/24/2017 16:00:00,31.01
11/27/2017 16:00:00,30.95
11/28/2017 16:00:00,31.25
11/29/2017 16:00:00,31.34
11/30/2017 16:00:00,31.51
12/01/2017 16:00,31.49
12/04/2017 16:00,31.51
12/05/2017 16:00,31.4
12/06/2017 16:00,31.46
12/07/2017 16:00,31.66
12/08/2017 16:00,31.56
12/11/2017 16:00,31.54
12/12/2017 16:00,31.42
12/13/2017 16:00:00,31.7
12/14/2017 16:00:00,31.9
12/15/2017 16:00:00,32
12/18/2017 16:00:00,32.12
12/19/2017 16:00:00,32.14
12/20/2017 16:00:00,32.25
12/21/2017 16:00:00,32.04
12/22/2017 16:00:00,31.73
12/27/2017 16:00:00,31.78
12/28/2017 16:00:00,32.07
12/29/2017 16:00:00,31.87
1/02/2018 16:00,31.91
1/03/2018 16:00,31.88
1/04/2018 16:00,31.76
1/05/2018 16:00,31.97
1/08/2018 16:00,31.97
1/09/2018 16:00,31.9
1/10/2018 16:00,31.82
1/11/2018 16:00,31.68
1/12/2018 16:00,31.38
1/15/2018 16:00:00,31.46
1/16/2018 16:00:00,31.34
1/17/2018 16:00:00,31.26
1/18/2018 16:00:00,31.23
1/19/2018 16:00:00,31.37
1/22/2018 16:00:00,31.41
1/23/2018 16:00:00,31.47
1/24/2018 16:00:00,31.37
1/25/2018 16:00:00,31.44
1/29/2018 16:00:00,31.62
1/30/2018 16:00:00,31.46
1/31/2018 16:00:00,31.44
2/01/2018 16:00,31.67
2/02/2018 16:00,31.68
2/05/2018 16:00,30.25
2/06/2018 16:00,29.42
2/07/2018 16:00,29.46
2/08/2018 16:00,29.43
2/09/2018 16:00,29.25
2/12/2018 16:00,29.14
2/13/2018 16:00:00,29.16
2/14/2018 16:00:00,29.09
2/15/2018 16:00:00,29.31
2/16/2018 16:00:00,29.18
2/19/2018 16:00:00,29.24
2/20/2018 16:00:00,29.25
2/21/2018 16:00:00,30.13
2/22/2018 16:00:00,30.05
2/23/2018 16:00:00,30.52
2/26/2018 16:00:00,29.67
2/27/2018 16:00:00,29.35
2/28/2018 16:00:00,29.66
3/01/2018 16:00,29.81
3/02/2018 16:00,29.48
3/05/2018 16:00,29.41
3/06/2018 16:00,29.63
3/07/2018 16:00,29.19
3/08/2018 16:00,29.28
3/09/2018 16:00,29.36
3/12/2018 16:00,29.25
3/13/2018 16:00:00,29.4
3/14/2018 16:00:00,29.33
3/15/2018 16:00:00,29.56
3/16/2018 16:00:00,31.43
3/19/2018 16:00:00,31.26
3/20/2018 16:00:00,31.14
3/21/2018 16:00:00,30.89
3/22/2018 16:00:00,30.53
3/23/2018 16:00:00,30
3/26/2018 16:00:00,29.85
3/27/2018 16:00:00,29.92
3/28/2018 16:00:00,29.99
3/29/2018 16:00:00,29.82
4/03/2018 16:00,29.74
4/04/2018 16:00,29.71
4/05/2018 16:00,29.96
4/06/2018 16:00,29.85
4/09/2018 16:00,30.09
4/10/2018 16:00,30.13
4/11/2018 16:00,29.66
4/12/2018 16:00,29.51
4/13/2018 16:00:00,29.45
4/16/2018 16:00:00,29.47
4/17/2018 16:00:00,29.53
4/18/2018 16:00:00,29.73
4/19/2018 16:00:00,29.65
4/20/2018 16:00:00,29.78
4/23/2018 16:00:00,30.14
4/24/2018 16:00:00,30.75
4/26/2018 16:00:00,30.95
4/27/2018 16:00:00,31.13
4/30/2018 16:00:00,31.41
5/01/2018 16:00,31.26
5/02/2018 16:00,31.31
5/03/2018 16:00,31.44
5/04/2018 16:00,31.41
5/07/2018 16:00,31.53
5/08/2018 16:00,31.6
5/09/2018 16:00,31.66
5/10/2018 16:00,31.44
5/11/2018 16:00,31.59
5/14/2018 16:00:00,31.83
5/15/2018 16:00:00,31.79
5/16/2018 16:00:00,31.97
5/17/2018 16:00:00,32.1
5/18/2018 16:00:00,32.29
5/21/2018 16:00:00,32.33
5/22/2018 16:00:00,32.05
5/23/2018 16:00:00,32.12
5/24/2018 16:00:00,32.37
5/25/2018 16:00:00,32.66
5/28/2018 16:00:00,32.38
5/29/2018 16:00:00,32.72
5/30/2018 16:00:00,32.7
5/31/2018 16:00:00,32.69
6/01/2018 16:00,32.39
6/04/2018 16:00,32.61
6/05/2018 16:00,32.48
6/06/2018 16:00,32.77
6/07/2018 16:00,33.35
6/08/2018 16:00,33.27
6/12/2018 16:00,33.7
6/13/2018 16:00:00,33.48
6/14/2018 16:00:00,33.72
6/15/2018 16:00:00,34.45
6/18/2018 16:00:00,34.36
6/19/2018 16:00:00,33.93
6/20/2018 16:00:00,34.11
6/21/2018 16:00:00,35
6/22/2018 16:00:00,35.3
6/25/2018 16:00:00,35.07
6/26/2018 16:00:00,35.58
6/27/2018 16:00:00,35.48
6/28/2018 16:00:00,35.41
6/29/2018 16:00:00,35.42
7/02/2018 16:00,35.12
7/03/2018 16:00,35.63
7/04/2018 16:00,35.33
7/05/2018 16:00,35.59
7/06/2018 16:00,36.14
7/09/2018 16:00,35.88
7/10/2018 16:00,35.42
7/11/2018 16:00,35.07
7/12/2018 16:00,35.51
7/13/2018 16:00:00,35.34
7/16/2018 16:00:00,35.63
7/17/2018 16:00:00,35.55
7/18/2018 16:00:00,35.71
7/19/2018 16:00:00,35.71
7/20/2018 16:00:00,35.88
7/23/2018 16:00:00,35.41
7/24/2018 16:00:00,35.51
7/25/2018 16:00:00,35.14
7/26/2018 16:00:00,35.48
7/27/2018 16:00:00,35.35
7/30/2018 16:00:00,35.54
7/31/2018 16:00:00,35.49
8/01/2018 16:00,35.62
8/02/2018 16:00,35.68
8/03/2018 16:00,35.76
8/06/2018 16:00,35.83
8/07/2018 16:00,35.88
8/08/2018 16:00,36.03
8/09/2018 16:00,35.99
8/10/2018 16:00,36.15
8/13/2018 16:00:00,36.09
8/14/2018 16:00:00,36.3
8/15/2018 16:00:00,37.46
8/16/2018 16:00:00,37.67
8/17/2018 16:00:00,37.69
8/20/2018 16:00:00,37.19
8/21/2018 16:00:00,36.58
8/22/2018 16:00:00,36.3
8/23/2018 16:00:00,36.39
8/24/2018 16:00:00,36.95
8/27/2018 16:00:00,37.13
8/28/2018 16:00:00,36.91
8/29/2018 16:00:00,37.16
8/30/2018 16:00:00,37.07
8/31/2018 16:00:00,36.92
9/03/2018 16:00,36.9
9/04/2018 16:00,36.94
9/05/2018 16:00,36.49
9/06/2018 16:00,36.57
9/07/2018 16:00,36.87
9/10/2018 16:00,36.93
9/11/2018 16:00,36.84
9/12/2018 16:00,37.03
9/13/2018 16:00:00,36.4
9/14/2018 16:00:00,36.18
9/17/2018 16:00:00,36.55
9/18/2018 16:00:00,36.25
9/19/2018 16:00:00,36.39
9/20/2018 16:00:00,35.7
9/21/2018 16:00:00,35.76
9/24/2018 16:00:00,35.75
9/25/2018 16:00:00,35.46
9/26/2018 16:00:00,35.7
9/27/2018 16:00:00,35.66
9/28/2018 16:00:00,35.77
10/01/2018 16:00,35.44
10/02/2018 16:00,35.03
10/03/2018 16:00,35.38
10/04/2018 16:00,35.47
10/05/2018 16:00,35.57
10/08/2018 16:00,35.39
10/09/2018 16:00,35.01
10/10/2018 16:00,35.12
10/11/2018 16:00,34.05
10/12/2018 16:00,33.96
10/15/2018 16:00:00,33.85
10/16/2018 16:00:00,34.02
10/17/2018 16:00:00,34.1
10/18/2018 16:00:00,33.94
10/19/2018 16:00:00,33.94
10/22/2018 16:00:00,34.27
10/23/2018 16:00:00,33.81
10/24/2018 16:00:00,33.88
10/25/2018 16:00:00,32.73
10/26/2018 16:00:00,32.72
10/29/2018 16:00:00,32.97
10/30/2018 16:00:00,33.39
10/31/2018 16:00:00,33.45
11/01/2018 16:00,32.83
11/02/2018 16:00,32.71
11/05/2018 16:00,32.98
11/06/2018 16:00,33.46
11/07/2018 16:00,33.5
11/08/2018 16:00,34.05
11/09/2018 16:00,34.03
11/12/2018 16:00,34.17
11/13/2018 16:00:00,34.08
11/14/2018 16:00:00,33.11
11/15/2018 16:00:00,32.56
11/16/2018 16:00:00,31.85
11/19/2018 16:00:00,31.47
11/20/2018 16:00:00,31.73
11/21/2018 16:00:00,32.21
11/22/2018 16:00:00,31.32
11/23/2018 16:00:00,31.89
11/26/2018 16:00:00,31.5
11/27/2018 16:00:00,31.67
11/28/2018 16:00:00,31.46
11/29/2018 16:00:00,31.51
11/30/2018 16:00:00,31.59
12/03/2018 16:00,31.71
12/04/2018 16:00,30.95
12/05/2018 16:00,31.26
12/06/2018 16:00,31.73
12/07/2018 16:00,31.95
12/10/2018 16:00,31
12/11/2018 16:00,31.06
12/12/2018 16:00,31.34
12/13/2018 16:00:00,31.28
12/14/2018 16:00:00,31.28
12/17/2018 16:00:00,31.94
12/18/2018 16:00:00,32.09
12/19/2018 16:00:00,31.95
12/20/2018 16:00:00,31.88
12/21/2018 16:00:00,31.43
12/24/2018 14:10:00,31.59
12/27/2018 16:00:00,32.25
12/28/2018 16:00:00,32.53
12/31/2018 14:10:00,32.22
1/02/2019 16:00,31.55
1/03/2019 16:00,31.75
1/04/2019 16:00,32.08
1/07/2019 16:00,32.22
1/08/2019 16:00,32.22
1/09/2019 16:00,32.02
1/10/2019 16:00,31.97
1/11/2019 16:00,31.95
1/14/2019 16:00:00,31.26
1/15/2019 16:00:00,32.08
1/16/2019 16:00:00,32.29
1/17/2019 16:00:00,32.27
1/18/2019 16:00:00,32.5
1/21/2019 16:00:00,32.73
1/22/2019 16:00:00,32.6
1/23/2019 16:00:00,32.51
1/24/2019 16:00:00,32.58
1/25/2019 16:00:00,32.85
1/29/2019 16:00:00,32.46
1/30/2019 16:00:00,32.49
1/31/2019 16:00:00,32.21
2/01/2019 16:00,32.21
2/04/2019 16:00,32.34
2/05/2019 16:00,32.67
2/06/2019 16:00,33.01
2/07/2019 16:00,33.43
2/08/2019 16:00,33.3
2/11/2019 16:00,33.21
2/12/2019 16:00,33.14
2/13/2019 16:00:00,33.2
2/14/2019 16:00:00,33.28
2/15/2019 16:00:00,33.3
2/18/2019 16:00:00,33.46
2/19/2019 16:00:00,33.26
2/20/2019 16:00:00,32.72
2/21/2019 16:00:00,34.97
2/22/2019 16:00:00,35.17
2/25/2019 16:00:00,35.22
2/26/2019 16:00:00,32.7
2/27/2019 16:00:00,32.84
2/28/2019 16:00:00,33.18
3/01/2019 16:00,33.39
3/04/2019 16:00,33.7
3/05/2019 16:00,33.74
3/06/2019 16:00,34.13
3/07/2019 16:00,34.46
3/08/2019 16:00,34.49
3/11/2019 16:00,34.47
3/12/2019 16:00,34.55
3/13/2019 16:00:00,34.46
3/14/2019 16:00:00,34.35
3/15/2019 16:00:00,34.56
3/18/2019 16:00:00,34.53
3/19/2019 16:00:00,34.65
3/20/2019 16:00:00,34.8
3/21/2019 16:00:00,34.56
3/22/2019 16:00:00,34.8
3/25/2019 16:00:00,35.03
3/26/2019 16:00:00,33.8
3/27/2019 16:00:00,34.04
3/28/2019 16:00:00,34.92
3/29/2019 16:00:00,34.65
4/01/2019 16:00,34.48
4/02/2019 16:00,34.48
4/03/2019 16:00,34.92
4/04/2019 16:00,34.69
4/05/2019 16:00,34.21
4/08/2019 16:00,34.43
4/09/2019 16:00,34.14
4/10/2019 16:00,34.26
4/11/2019 16:00,34.29
4/12/2019 16:00,34.73
4/15/2019 16:00:00,34.44
4/16/2019 16:00:00,34.86
4/17/2019 16:00:00,34.74
4/18/2019 16:00:00,34.99
4/23/2019 16:00:00,35.61
4/24/2019 16:00:00,35.99
4/26/2019 16:00:00,35.99
4/29/2019 16:00:00,35.8
4/30/2019 16:00:00,36.01
5/01/2019 16:00,35.79
5/02/2019 16:00,35.65
5/03/2019 16:00,36.37
5/06/2019 16:00,35.73
5/07/2019 16:00,36
5/08/2019 16:00,36.08
5/09/2019 16:00,36.25
5/10/2019 16:00,36.59
5/13/2019 16:00:00,36.62
5/14/2019 16:00:00,36.3
5/15/2019 16:00:00,36.32
5/16/2019 16:00:00,36.07
5/17/2019 16:00:00,36.36
5/20/2019 16:00:00,36.71
5/21/2019 16:00:00,36.66
5/22/2019 16:00:00,37.12
5/23/2019 16:00:00,37.7
5/24/2019 16:00:00,37.63
5/27/2019 16:00:00,37.84
5/28/2019 16:00:00,37.95
5/29/2019 16:00:00,37.33
5/30/2019 16:00:00,36.96
5/31/2019 16:00:00,37.05
6/03/2019 16:00,36.75
6/04/2019 16:00,37
6/05/2019 16:00,37.21
6/06/2019 16:00,37.96
6/07/2019 16:00,37.65
6/11/2019 16:00,38.56
6/12/2019 16:00,38.25
6/13/2019 16:00:00,36.28
6/14/2019 16:00:00,35.66
6/17/2019 16:00:00,35.78
6/18/2019 16:00:00,36.42
6/19/2019 16:00:00,36.28
6/20/2019 16:00:00,36.65
6/21/2019 16:00:00,36.41
6/24/2019 16:00:00,36.42
6/25/2019 16:00:00,36.63
6/26/2019 16:00:00,36.27
6/27/2019 16:00:00,36.59
6/28/2019 16:00:00,36.16
7/01/2019 16:00,36.1
7/02/2019 16:00,36.14
7/03/2019 16:00,36.41
7/04/2019 16:00,36.42
7/05/2019 16:00,37.15
7/08/2019 16:00,37.05
7/09/2019 16:00,37.07
7/10/2019 16:00,37.46
7/11/2019 16:00,37.58
7/12/2019 16:00,37.76
7/15/2019 16:00:00,37.87
7/16/2019 16:00:00,38.03
7/17/2019 16:00:00,38.41
7/18/2019 16:00:00,38.12
7/19/2019 16:00:00,38.45
7/22/2019 16:00:00,38.48
7/23/2019 16:00:00,38.89
7/24/2019 16:00:00,39.3
7/25/2019 16:00:00,39.87
7/26/2019 16:00:00,39.74
7/29/2019 16:00:00,40.05
7/30/2019 16:00:00,39.84
7/31/2019 16:00:00,39.19
8/01/2019 16:00,39.63
8/02/2019 16:00,38.86
8/05/2019 16:00,39.16
8/06/2019 16:00,37.89
8/07/2019 16:00,38.68
8/08/2019 16:00,39.09
8/09/2019 16:00,38.79
8/12/2019 16:00,39.11
8/13/2019 16:00:00,38.66
8/14/2019 16:00:00,39
8/15/2019 16:00:00,37.73
8/16/2019 16:00:00,37.84
8/19/2019 16:00:00,38.22
8/20/2019 16:00:00,38.98
8/21/2019 16:00:00,38.79
8/22/2019 16:00:00,38.9
8/23/2019 16:00:00,39.35
8/26/2019 16:00:00,38.69
8/27/2019 16:00:00,39.1
8/28/2019 16:00:00,39.28
8/29/2019 16:00:00,39.31
8/30/2019 16:00:00,39.1
9/02/2019 16:00,38.61
9/03/2019 16:00,38.33
9/04/2019 16:00,38.54
9/05/2019 16:00,39.21
9/06/2019 16:00,39.54
9/09/2019 16:00,39.67
9/10/2019 16:00,39.25
9/11/2019 16:00,39.62
9/12/2019 16:00,39.37
9/13/2019 16:00:00,39.4
9/16/2019 16:00:00,39.3
9/17/2019 16:00:00,38.98
9/18/2019 16:00:00,38.78
9/19/2019 16:00:00,39.3
9/20/2019 16:00:00,39.67
9/23/2019 16:00:00,39.91
9/24/2019 16:00:00,40.17
9/25/2019 16:00:00,39.81
9/26/2019 16:00:00,39.77
9/27/2019 16:00:00,40.35
9/30/2019 16:00:00,39.8
10/01/2019 16:00,40.19
10/02/2019 16:00,39.42
10/03/2019 16:00,38.75
10/04/2019 16:00,38.67
10/07/2019 16:00,38.97
10/08/2019 16:00,39.4
10/09/2019 16:00,38.69
10/10/2019 16:00,38.96
10/11/2019 16:00,39.26
10/14/2019 16:00:00,39.66
10/15/2019 16:00:00,39.53
10/16/2019 16:00:00,40.65
10/17/2019 16:00:00,40.45
10/18/2019 16:00:00,40.29
10/21/2019 16:00:00,40.71
10/22/2019 16:00:00,40.32
10/23/2019 16:00:00,40.27
10/24/2019 16:00:00,40.56
10/25/2019 16:00:00,41.05
10/28/2019 16:00:00,41
10/29/2019 16:00:00,40.91
10/30/2019 16:00:00,40.23
10/31/2019 16:00:00,39.76
11/01/2019 16:00,39.96
11/04/2019 16:00,40.2
11/05/2019 16:00,40.41
11/06/2019 16:00,39.85
11/07/2019 16:00,40.82
11/08/2019 16:00,40.81
11/11/2019 16:00,41.26
11/12/2019 16:00,41.21
11/13/2019 16:00:00,40.77
11/14/2019 16:00:00,41.16
11/15/2019 16:00:00,42.01
11/18/2019 16:00:00,42.17
11/19/2019 16:00:00,42.58
11/20/2019 16:00:00,42.23
11/21/2019 16:00:00,42.15
11/22/2019 16:00:00,42.1
11/25/2019 16:00:00,42.05
11/26/2019 16:00:00,41.78
11/27/2019 16:00:00,42.4
11/28/2019 16:00:00,42.41
11/29/2019 16:00:00,42.37
12/02/2019 16:00,42.34
12/03/2019 16:00,41.23
12/04/2019 16:00,40.34
12/05/2019 16:00,40.9
12/06/2019 16:00,40.91
12/09/2019 16:00,40.83
12/10/2019 16:00,40.63
12/11/2019 16:00,40.92
12/12/2019 16:00,40.83
12/13/2019 16:00:00,40.95
12/16/2019 16:00:00,41.75
12/17/2019 16:00:00,41.78
12/18/2019 16:00:00,42.05
12/19/2019 16:00:00,41.9
12/20/2019 16:00:00,41.78
12/23/2019 16:00:00,41.85
12/24/2019 14:10:00,41.79
12/27/2019 16:00:00,41.81
12/30/2019 16:00:00,41.98
12/31/2019 14:10:00,41.4
